DateTime,State,Fuel Type,Supply
19/06/2021 00:00,NSW,Black coal,164097.742
19/06/2021 00:00,NSW,Gas,6949.675
19/06/2021 00:00,NSW,Hydro,5477.518
19/06/2021 00:00,NSW,Liquid Fuel,0
19/06/2021 00:00,NSW,Solar,6580.526
19/06/2021 00:00,NSW,Wind,20881.325
19/06/2021 00:00,QLD,Biomass,1175.033
19/06/2021 00:00,QLD,Black coal,120327.19
19/06/2021 00:00,QLD,Gas,14200.712
19/06/2021 00:00,QLD,Hydro,3031.089
19/06/2021 00:00,QLD,Liquid Fuel,0
19/06/2021 00:00,QLD,Solar,9029.571
19/06/2021 00:00,QLD,Wind,9119.667
19/06/2021 00:00,SA,Battery,219.013
19/06/2021 00:00,SA,Gas,21739.294
19/06/2021 00:00,SA,Liquid Fuel,0
19/06/2021 00:00,SA,Solar,1122.747
19/06/2021 00:00,SA,Wind,6642.804
19/06/2021 00:00,TAS,Gas,239.744
19/06/2021 00:00,TAS,Hydro,25419.573
19/06/2021 00:00,TAS,Wind,1360.938
19/06/2021 00:00,VIC,Battery,46.608
19/06/2021 00:00,VIC,Brown coal,83632.481
19/06/2021 00:00,VIC,Gas,12204.744
19/06/2021 00:00,VIC,Hydro,9639.556
19/06/2021 00:00,VIC,Solar,3137.706
19/06/2021 00:00,VIC,Wind,20965.727
20/06/2021 00:00,NSW,Black coal,162475.031
20/06/2021 00:00,NSW,Gas,9010.99
20/06/2021 00:00,NSW,Hydro,9460.665
20/06/2021 00:00,NSW,Liquid Fuel,0
20/06/2021 00:00,NSW,Solar,8409.44
20/06/2021 00:00,NSW,Wind,10095.253
20/06/2021 00:00,QLD,Biomass,1131.65
20/06/2021 00:00,QLD,Black coal,120544.741
20/06/2021 00:00,QLD,Gas,14669.848
20/06/2021 00:00,QLD,Hydro,2750.059
20/06/2021 00:00,QLD,Liquid Fuel,51.834
20/06/2021 00:00,QLD,Solar,7491.34
20/06/2021 00:00,QLD,Wind,4100.993
20/06/2021 00:00,SA,Battery,196.197
20/06/2021 00:00,SA,Gas,25058.186
20/06/2021 00:00,SA,Liquid Fuel,81.151
20/06/2021 00:00,SA,Solar,1300.399
20/06/2021 00:00,SA,Wind,2424.493
20/06/2021 00:00,TAS,Gas,523.98
20/06/2021 00:00,TAS,Hydro,32500.168
20/06/2021 00:00,TAS,Wind,390.139
20/06/2021 00:00,VIC,Battery,48.078
20/06/2021 00:00,VIC,Brown coal,84963.629
20/06/2021 00:00,VIC,Gas,13948.498
20/06/2021 00:00,VIC,Hydro,10470.623
20/06/2021 00:00,VIC,Solar,3716.667
20/06/2021 00:00,VIC,Wind,7262.559
21/06/2021 00:00,NSW,Black coal,163370.949
21/06/2021 00:00,NSW,Gas,17310.291
21/06/2021 00:00,NSW,Hydro,12799.466
21/06/2021 00:00,NSW,Liquid Fuel,0
21/06/2021 00:00,NSW,Solar,8409.039
21/06/2021 00:00,NSW,Wind,5379.688
21/06/2021 00:00,QLD,Biomass,1129.5
21/06/2021 00:00,QLD,Black coal,124178.092
21/06/2021 00:00,QLD,Gas,19630.564
21/06/2021 00:00,QLD,Hydro,2504.516
21/06/2021 00:00,QLD,Liquid Fuel,1152.714
21/06/2021 00:00,QLD,Solar,9049.212
21/06/2021 00:00,QLD,Wind,2360.018
21/06/2021 00:00,SA,Battery,301.103
21/06/2021 00:00,SA,Gas,25221.833
21/06/2021 00:00,SA,Liquid Fuel,77.823
21/06/2021 00:00,SA,Solar,1651.507
21/06/2021 00:00,SA,Wind,13130.607
21/06/2021 00:00,TAS,Gas,684.545
21/06/2021 00:00,TAS,Hydro,36443.951
21/06/2021 00:00,TAS,Wind,895.108
21/06/2021 00:00,VIC,Battery,59.949
21/06/2021 00:00,VIC,Brown coal,85413.665
21/06/2021 00:00,VIC,Gas,23302.498
21/06/2021 00:00,VIC,Hydro,17665.434
21/06/2021 00:00,VIC,Solar,3785.222
21/06/2021 00:00,VIC,Wind,5223.006
22/06/2021 00:00,NSW,Black coal,174525.033
22/06/2021 00:00,NSW,Gas,8734.035
22/06/2021 00:00,NSW,Hydro,8597.768
22/06/2021 00:00,NSW,Liquid Fuel,0
22/06/2021 00:00,NSW,Solar,6339.455
22/06/2021 00:00,NSW,Wind,16239.323
22/06/2021 00:00,QLD,Battery,0
22/06/2021 00:00,QLD,Biomass,1387.083
22/06/2021 00:00,QLD,Black coal,123790.344
22/06/2021 00:00,QLD,Gas,15965.67
22/06/2021 00:00,QLD,Hydro,2393.073
22/06/2021 00:00,QLD,Liquid Fuel,215.61
22/06/2021 00:00,QLD,Solar,8217.133
22/06/2021 00:00,QLD,Wind,8382.864
22/06/2021 00:00,SA,Battery,254.884
22/06/2021 00:00,SA,Gas,14960.728
22/06/2021 00:00,SA,Liquid Fuel,0.029
22/06/2021 00:00,SA,Solar,400.396
22/06/2021 00:00,SA,Wind,32193.116
22/06/2021 00:00,TAS,Gas,366.355
22/06/2021 00:00,TAS,Hydro,27435.833
22/06/2021 00:00,TAS,Wind,2065.79
22/06/2021 00:00,VIC,Battery,47.143
22/06/2021 00:00,VIC,Brown coal,85048.836
22/06/2021 00:00,VIC,Gas,12586.281
22/06/2021 00:00,VIC,Hydro,13330.357
22/06/2021 00:00,VIC,Solar,2347.432
22/06/2021 00:00,VIC,Wind,30485.29
23/06/2021 00:00,NSW,Black coal,173917.591
23/06/2021 00:00,NSW,Gas,2926.052
23/06/2021 00:00,NSW,Hydro,7353.852
23/06/2021 00:00,NSW,Liquid Fuel,0
23/06/2021 00:00,NSW,Solar,1594.623
23/06/2021 00:00,NSW,Wind,21432.973
23/06/2021 00:00,QLD,Battery,0
23/06/2021 00:00,QLD,Biomass,1510.958
23/06/2021 00:00,QLD,Black coal,128949.42
23/06/2021 00:00,QLD,Gas,11976.33
23/06/2021 00:00,QLD,Hydro,2372.984
23/06/2021 00:00,QLD,Liquid Fuel,168.382
23/06/2021 00:00,QLD,Solar,6834.429
23/06/2021 00:00,QLD,Wind,8071.236
23/06/2021 00:00,SA,Battery,199.615
23/06/2021 00:00,SA,Gas,11194.481
23/06/2021 00:00,SA,Liquid Fuel,48.417
23/06/2021 00:00,SA,Solar,766.402
23/06/2021 00:00,SA,Wind,30935.143
23/06/2021 00:00,TAS,Gas,0
23/06/2021 00:00,TAS,Hydro,20303.639
23/06/2021 00:00,TAS,Wind,5167.311
23/06/2021 00:00,VIC,Battery,49.637
23/06/2021 00:00,VIC,Brown coal,83725.924
23/06/2021 00:00,VIC,Gas,7571.642
23/06/2021 00:00,VIC,Hydro,12477.791
23/06/2021 00:00,VIC,Solar,568.943
23/06/2021 00:00,VIC,Wind,46438.184
24/06/2021 00:00,NSW,Black coal,165478.542
24/06/2021 00:00,NSW,Gas,1953.491
24/06/2021 00:00,NSW,Hydro,6416.815
24/06/2021 00:00,NSW,Liquid Fuel,0
24/06/2021 00:00,NSW,Solar,3815.535
24/06/2021 00:00,NSW,Wind,33151.972
24/06/2021 00:00,QLD,Battery,0
24/06/2021 00:00,QLD,Biomass,1436.367
24/06/2021 00:00,QLD,Black coal,129516.038
24/06/2021 00:00,QLD,Gas,14245.413
24/06/2021 00:00,QLD,Hydro,2601.829
24/06/2021 00:00,QLD,Liquid Fuel,0
24/06/2021 00:00,QLD,Solar,4454.506
24/06/2021 00:00,QLD,Wind,6043.943
24/06/2021 00:00,SA,Battery,279.408
24/06/2021 00:00,SA,Gas,15015.487
24/06/2021 00:00,SA,Liquid Fuel,51.762
24/06/2021 00:00,SA,Solar,816.503
24/06/2021 00:00,SA,Wind,27942.707
24/06/2021 00:00,TAS,Gas,328.433
24/06/2021 00:00,TAS,Hydro,23870.935
24/06/2021 00:00,TAS,Wind,2027.871
24/06/2021 00:00,VIC,Battery,100.059
24/06/2021 00:00,VIC,Brown coal,78213.051
24/06/2021 00:00,VIC,Gas,7170.589
24/06/2021 00:00,VIC,Hydro,14691.06
24/06/2021 00:00,VIC,Solar,2378.932
24/06/2021 00:00,VIC,Wind,29697.063
25/06/2021 00:00,NSW,Black coal,161787.122
25/06/2021 00:00,NSW,Gas,3900.441
25/06/2021 00:00,NSW,Hydro,10780.278
25/06/2021 00:00,NSW,Liquid Fuel,0
25/06/2021 00:00,NSW,Solar,4596.397
25/06/2021 00:00,NSW,Wind,20480.558
25/06/2021 00:00,QLD,Battery,0
25/06/2021 00:00,QLD,Biomass,1313.4
25/06/2021 00:00,QLD,Black coal,130729.753
25/06/2021 00:00,QLD,Gas,18206.939
25/06/2021 00:00,QLD,Hydro,3206.562
25/06/2021 00:00,QLD,Liquid Fuel,249.333
25/06/2021 00:00,QLD,Solar,3575.149
25/06/2021 00:00,QLD,Wind,5335.07
25/06/2021 00:00,SA,Battery,308.26
25/06/2021 00:00,SA,Gas,20903.051
25/06/2021 00:00,SA,Liquid Fuel,28.633
25/06/2021 00:00,SA,Solar,1158.981
25/06/2021 00:00,SA,Wind,26033.719
25/06/2021 00:00,TAS,Gas,820.937
25/06/2021 00:00,TAS,Hydro,33221.544
25/06/2021 00:00,TAS,Wind,621.013
25/06/2021 00:00,VIC,Battery,50.493
25/06/2021 00:00,VIC,Brown coal,86983.72
25/06/2021 00:00,VIC,Gas,13562.665
25/06/2021 00:00,VIC,Hydro,14672.746
25/06/2021 00:00,VIC,Solar,1697.593
25/06/2021 00:00,VIC,Wind,9554.898
26/06/2021 00:00,NSW,Black coal,155630.523
26/06/2021 00:00,NSW,Gas,2815.432
26/06/2021 00:00,NSW,Hydro,10068.734
26/06/2021 00:00,NSW,Liquid Fuel,0
26/06/2021 00:00,NSW,Solar,4504.274
26/06/2021 00:00,NSW,Wind,19812.232
26/06/2021 00:00,QLD,Battery,0
26/06/2021 00:00,QLD,Biomass,1509.283
26/06/2021 00:00,QLD,Black coal,131671.374
26/06/2021 00:00,QLD,Gas,12685.396
26/06/2021 00:00,QLD,Hydro,2864.694
26/06/2021 00:00,QLD,Liquid Fuel,252.165
26/06/2021 00:00,QLD,Solar,3516.528
26/06/2021 00:00,QLD,Wind,4905.006
26/06/2021 00:00,SA,Battery,172.79
26/06/2021 00:00,SA,Gas,20712.179
26/06/2021 00:00,SA,Liquid Fuel,13.657
26/06/2021 00:00,SA,Solar,1282.033
26/06/2021 00:00,SA,Wind,17889.575
26/06/2021 00:00,TAS,Gas,66.346
26/06/2021 00:00,TAS,Hydro,20528.272
26/06/2021 00:00,TAS,Wind,5671.036
26/06/2021 00:00,VIC,Battery,73.864
26/06/2021 00:00,VIC,Brown coal,85235.47
26/06/2021 00:00,VIC,Gas,3462.693
26/06/2021 00:00,VIC,Hydro,10627.032
26/06/2021 00:00,VIC,Solar,1875.617
26/06/2021 00:00,VIC,Wind,25894.83
27/06/2021 00:00,NSW,Black coal,157457.506
27/06/2021 00:00,NSW,Gas,4043.5
27/06/2021 00:00,NSW,Hydro,5656.685
27/06/2021 00:00,NSW,Liquid Fuel,0
27/06/2021 00:00,NSW,Solar,5459.873
27/06/2021 00:00,NSW,Wind,13429.167
27/06/2021 00:00,QLD,Battery,0
27/06/2021 00:00,QLD,Biomass,1591.675
27/06/2021 00:00,QLD,Black coal,128696.532
27/06/2021 00:00,QLD,Gas,10644.793
27/06/2021 00:00,QLD,Hydro,2941.418
27/06/2021 00:00,QLD,Liquid Fuel,48.75
27/06/2021 00:00,QLD,Solar,8263.277
27/06/2021 00:00,QLD,Wind,5226.013
27/06/2021 00:00,SA,Battery,263.558
27/06/2021 00:00,SA,Gas,28015.767
27/06/2021 00:00,SA,Liquid Fuel,0
27/06/2021 00:00,SA,Solar,976.222
27/06/2021 00:00,SA,Wind,5876.575
27/06/2021 00:00,TAS,Gas,957.292
27/06/2021 00:00,TAS,Hydro,27549.822
27/06/2021 00:00,TAS,Wind,5377.202
27/06/2021 00:00,VIC,Battery,73.38
27/06/2021 00:00,VIC,Brown coal,86397.264
27/06/2021 00:00,VIC,Gas,7118.551
27/06/2021 00:00,VIC,Hydro,12457.858
27/06/2021 00:00,VIC,Solar,1203.693
27/06/2021 00:00,VIC,Wind,9697.272
28/06/2021 00:00,NSW,Black coal,173809.464
28/06/2021 00:00,NSW,Gas,8721.695
28/06/2021 00:00,NSW,Hydro,12568.891
28/06/2021 00:00,NSW,Liquid Fuel,0
28/06/2021 00:00,NSW,Solar,5740.299
28/06/2021 00:00,NSW,Wind,10561.398
28/06/2021 00:00,QLD,Battery,0
28/06/2021 00:00,QLD,Biomass,1559.475
28/06/2021 00:00,QLD,Black coal,128217.753
28/06/2021 00:00,QLD,Gas,13941.612
28/06/2021 00:00,QLD,Hydro,3355.997
28/06/2021 00:00,QLD,Liquid Fuel,424.017
28/06/2021 00:00,QLD,Solar,8000.92
28/06/2021 00:00,QLD,Wind,5868.626
28/06/2021 00:00,SA,Battery,284.922
28/06/2021 00:00,SA,Gas,21561.99
28/06/2021 00:00,SA,Liquid Fuel,0
28/06/2021 00:00,SA,Solar,1576.502
28/06/2021 00:00,SA,Wind,19266.985
28/06/2021 00:00,TAS,Gas,861.518
28/06/2021 00:00,TAS,Hydro,32235.529
28/06/2021 00:00,TAS,Wind,564.066
28/06/2021 00:00,VIC,Battery,69.172
28/06/2021 00:00,VIC,Brown coal,95588.525
28/06/2021 00:00,VIC,Gas,13697.982
28/06/2021 00:00,VIC,Hydro,16360.363
28/06/2021 00:00,VIC,Solar,2010.738
28/06/2021 00:00,VIC,Wind,7511.671
29/06/2021 00:00,NSW,Black coal,168094.317
29/06/2021 00:00,NSW,Gas,3697.177
29/06/2021 00:00,NSW,Hydro,11111.971
29/06/2021 00:00,NSW,Liquid Fuel,0
29/06/2021 00:00,NSW,Solar,7797.38
29/06/2021 00:00,NSW,Wind,15680.819
29/06/2021 00:00,QLD,Battery,0
29/06/2021 00:00,QLD,Biomass,1472.95
29/06/2021 00:00,QLD,Black coal,127797.411
29/06/2021 00:00,QLD,Gas,16243.983
29/06/2021 00:00,QLD,Hydro,3354.672
29/06/2021 00:00,QLD,Liquid Fuel,528.703
29/06/2021 00:00,QLD,Solar,5176.538
29/06/2021 00:00,QLD,Wind,9320.295
29/06/2021 00:00,SA,Battery,192.474
29/06/2021 00:00,SA,Gas,12486.528
29/06/2021 00:00,SA,Liquid Fuel,0
29/06/2021 00:00,SA,Solar,1717.662
29/06/2021 00:00,SA,Wind,24141.814
29/06/2021 00:00,TAS,Gas,211.614
29/06/2021 00:00,TAS,Hydro,24868.833
29/06/2021 00:00,TAS,Wind,3387.779
29/06/2021 00:00,VIC,Battery,52.081
29/06/2021 00:00,VIC,Brown coal,100879.709
29/06/2021 00:00,VIC,Gas,6031.356
29/06/2021 00:00,VIC,Hydro,12871.102
29/06/2021 00:00,VIC,Solar,3628.422
29/06/2021 00:00,VIC,Wind,25096.375
30/06/2021 00:00,NSW,Black coal,158489.267
30/06/2021 00:00,NSW,Gas,4769.11
30/06/2021 00:00,NSW,Hydro,9080.741
30/06/2021 00:00,NSW,Liquid Fuel,0
30/06/2021 00:00,NSW,Solar,5792.127
30/06/2021 00:00,NSW,Wind,17156.023
30/06/2021 00:00,QLD,Battery,0
30/06/2021 00:00,QLD,Biomass,1476.117
30/06/2021 00:00,QLD,Black coal,127570.704
30/06/2021 00:00,QLD,Gas,15583.638
30/06/2021 00:00,QLD,Hydro,3244.096
30/06/2021 00:00,QLD,Liquid Fuel,687.651
30/06/2021 00:00,QLD,Solar,5211.679
30/06/2021 00:00,QLD,Wind,7698.169
30/06/2021 00:00,SA,Battery,262.264
30/06/2021 00:00,SA,Gas,15175.836
30/06/2021 00:00,SA,Liquid Fuel,0
30/06/2021 00:00,SA,Solar,1721.504
30/06/2021 00:00,SA,Wind,17130.106
30/06/2021 00:00,TAS,Gas,0
30/06/2021 00:00,TAS,Hydro,23894.067
30/06/2021 00:00,TAS,Wind,5459.682
30/06/2021 00:00,VIC,Battery,81.723
30/06/2021 00:00,VIC,Brown coal,92055.882
30/06/2021 00:00,VIC,Gas,6083.477
30/06/2021 00:00,VIC,Hydro,12100.727
30/06/2021 00:00,VIC,Solar,2545.046
30/06/2021 00:00,VIC,Wind,36727.845
01/07/2021 00:00,NSW,Black coal,164823.73
01/07/2021 00:00,NSW,Gas,9299.334
01/07/2021 00:00,NSW,Hydro,8823.509
01/07/2021 00:00,NSW,Liquid Fuel,0
01/07/2021 00:00,NSW,Solar,3024.419
01/07/2021 00:00,NSW,Wind,7293.496
01/07/2021 00:00,QLD,Battery,0
01/07/2021 00:00,QLD,Biomass,1404.408
01/07/2021 00:00,QLD,Black coal,129303.315
01/07/2021 00:00,QLD,Gas,20914.194
01/07/2021 00:00,QLD,Hydro,3488.409
01/07/2021 00:00,QLD,Liquid Fuel,807.737
01/07/2021 00:00,QLD,Solar,4239.05
01/07/2021 00:00,QLD,Wind,7189.944
01/07/2021 00:00,SA,Battery,277.585
01/07/2021 00:00,SA,Gas,24377.488
01/07/2021 00:00,SA,Liquid Fuel,0
01/07/2021 00:00,SA,Solar,1484.869
01/07/2021 00:00,SA,Wind,6990.304
01/07/2021 00:00,TAS,Gas,266.709
01/07/2021 00:00,TAS,Hydro,31592.509
01/07/2021 00:00,TAS,Wind,4414.828
01/07/2021 00:00,VIC,Battery,83.856
01/07/2021 00:00,VIC,Brown coal,101977.676
01/07/2021 00:00,VIC,Gas,7738.442
01/07/2021 00:00,VIC,Hydro,11271.416
01/07/2021 00:00,VIC,Solar,2914.825
01/07/2021 00:00,VIC,Wind,20103.969
02/07/2021 00:00,NSW,Black coal,163368.334
02/07/2021 00:00,NSW,Gas,7065.335
02/07/2021 00:00,NSW,Hydro,3352.841
02/07/2021 00:00,NSW,Liquid Fuel,0
02/07/2021 00:00,NSW,Solar,4429.053
02/07/2021 00:00,NSW,Wind,9654.795
02/07/2021 00:00,QLD,Battery,0
02/07/2021 00:00,QLD,Biomass,1453.942
02/07/2021 00:00,QLD,Black coal,128727.728
02/07/2021 00:00,QLD,Gas,18109.677
02/07/2021 00:00,QLD,Hydro,3579.801
02/07/2021 00:00,QLD,Liquid Fuel,278.251
02/07/2021 00:00,QLD,Solar,3772.16
02/07/2021 00:00,QLD,Wind,3097.447
02/07/2021 00:00,SA,Battery,392.793
02/07/2021 00:00,SA,Gas,13823.869
02/07/2021 00:00,SA,Liquid Fuel,0
02/07/2021 00:00,SA,Solar,759.782
02/07/2021 00:00,SA,Wind,29231.267
02/07/2021 00:00,TAS,Gas,0
02/07/2021 00:00,TAS,Hydro,25156.372
02/07/2021 00:00,TAS,Wind,3763.609
02/07/2021 00:00,VIC,Battery,114.774
02/07/2021 00:00,VIC,Brown coal,103192.165
02/07/2021 00:00,VIC,Gas,3247.075
02/07/2021 00:00,VIC,Hydro,11977.707
02/07/2021 00:00,VIC,Solar,1798.895
02/07/2021 00:00,VIC,Wind,31705.569
03/07/2021 00:00,NSW,Black coal,152423.222
03/07/2021 00:00,NSW,Gas,4689.363
03/07/2021 00:00,NSW,Hydro,1945.285
03/07/2021 00:00,NSW,Liquid Fuel,0
03/07/2021 00:00,NSW,Solar,6768.586
03/07/2021 00:00,NSW,Wind,12821.45
03/07/2021 00:00,QLD,Battery,0
03/07/2021 00:00,QLD,Biomass,1373.517
03/07/2021 00:00,QLD,Black coal,127995.946
03/07/2021 00:00,QLD,Gas,18858.787
03/07/2021 00:00,QLD,Hydro,3414.966
03/07/2021 00:00,QLD,Liquid Fuel,530.918
03/07/2021 00:00,QLD,Solar,2049.236
03/07/2021 00:00,QLD,Wind,2477.109
03/07/2021 00:00,SA,Battery,221.33
03/07/2021 00:00,SA,Gas,13098.502
03/07/2021 00:00,SA,Liquid Fuel,0
03/07/2021 00:00,SA,Solar,1291.117
03/07/2021 00:00,SA,Wind,19995.463
03/07/2021 00:00,TAS,Gas,0
03/07/2021 00:00,TAS,Hydro,24671.424
03/07/2021 00:00,TAS,Wind,3075.926
03/07/2021 00:00,VIC,Battery,108.536
03/07/2021 00:00,VIC,Brown coal,112467.107
03/07/2021 00:00,VIC,Gas,3692.254
03/07/2021 00:00,VIC,Hydro,12761.271
03/07/2021 00:00,VIC,Solar,2550.978
03/07/2021 00:00,VIC,Wind,25741.612
04/07/2021 00:00,NSW,Black coal,148444.506
04/07/2021 00:00,NSW,Gas,5967.415
04/07/2021 00:00,NSW,Hydro,4770.494
04/07/2021 00:00,NSW,Liquid Fuel,0
04/07/2021 00:00,NSW,Solar,7345.346
04/07/2021 00:00,NSW,Wind,15597.172
04/07/2021 00:00,QLD,Battery,0
04/07/2021 00:00,QLD,Biomass,1343.842
04/07/2021 00:00,QLD,Black coal,121561.456
04/07/2021 00:00,QLD,Gas,9660.16
04/07/2021 00:00,QLD,Hydro,3297.459
04/07/2021 00:00,QLD,Liquid Fuel,147.72
04/07/2021 00:00,QLD,Solar,8434.46
04/07/2021 00:00,QLD,Wind,7439.782
04/07/2021 00:00,SA,Battery,278.807
04/07/2021 00:00,SA,Gas,13541.932
04/07/2021 00:00,SA,Liquid Fuel,0
04/07/2021 00:00,SA,Solar,1340.264
04/07/2021 00:00,SA,Wind,13163.148
04/07/2021 00:00,TAS,Gas,0
04/07/2021 00:00,TAS,Hydro,25109.69
04/07/2021 00:00,TAS,Wind,3662.191
04/07/2021 00:00,VIC,Battery,106.542
04/07/2021 00:00,VIC,Brown coal,111652.535
04/07/2021 00:00,VIC,Gas,4006.231
04/07/2021 00:00,VIC,Hydro,7356.832
04/07/2021 00:00,VIC,Solar,2360.654
04/07/2021 00:00,VIC,Wind,33907.58
05/07/2021 00:00,NSW,Black coal,161655.635
05/07/2021 00:00,NSW,Gas,12264.994
05/07/2021 00:00,NSW,Hydro,7658.314
05/07/2021 00:00,NSW,Liquid Fuel,0
05/07/2021 00:00,NSW,Solar,5691.34
05/07/2021 00:00,NSW,Wind,12108.72
05/07/2021 00:00,QLD,Battery,0
05/07/2021 00:00,QLD,Biomass,1410.783
05/07/2021 00:00,QLD,Black coal,127239.314
05/07/2021 00:00,QLD,Gas,17933.558
05/07/2021 00:00,QLD,Hydro,4022.544
05/07/2021 00:00,QLD,Liquid Fuel,1366.151
05/07/2021 00:00,QLD,Solar,9885.574
05/07/2021 00:00,QLD,Wind,7753.928
05/07/2021 00:00,SA,Battery,306.356
05/07/2021 00:00,SA,Gas,29724.798
05/07/2021 00:00,SA,Liquid Fuel,470.277
05/07/2021 00:00,SA,Solar,885.53
05/07/2021 00:00,SA,Wind,1414.67
05/07/2021 00:00,TAS,Gas,0
05/07/2021 00:00,TAS,Hydro,35931.206
05/07/2021 00:00,TAS,Wind,6025.943
05/07/2021 00:00,VIC,Battery,65.579
05/07/2021 00:00,VIC,Brown coal,111739.551
05/07/2021 00:00,VIC,Gas,11752.21
05/07/2021 00:00,VIC,Hydro,20310.606
05/07/2021 00:00,VIC,Solar,1778.232
05/07/2021 00:00,VIC,Wind,9575.841
06/07/2021 00:00,NSW,Black coal,175318.701
06/07/2021 00:00,NSW,Gas,15366.167
06/07/2021 00:00,NSW,Hydro,10632.483
06/07/2021 00:00,NSW,Liquid Fuel,0
06/07/2021 00:00,NSW,Solar,4441.541
06/07/2021 00:00,NSW,Wind,2793.333
06/07/2021 00:00,QLD,Battery,0
06/07/2021 00:00,QLD,Biomass,1048.483
06/07/2021 00:00,QLD,Black coal,129718.94
06/07/2021 00:00,QLD,Gas,21537.463
06/07/2021 00:00,QLD,Hydro,4013.12
06/07/2021 00:00,QLD,Liquid Fuel,1852.47
06/07/2021 00:00,QLD,Solar,7665.598
06/07/2021 00:00,QLD,Wind,4035.8
06/07/2021 00:00,SA,Battery,452.058
06/07/2021 00:00,SA,Gas,31290.168
06/07/2021 00:00,SA,Liquid Fuel,358.679
06/07/2021 00:00,SA,Solar,1551.251
06/07/2021 00:00,SA,Wind,9600.122
06/07/2021 00:00,TAS,Gas,385.192
06/07/2021 00:00,TAS,Hydro,41486.408
06/07/2021 00:00,TAS,Wind,3193.367
06/07/2021 00:00,VIC,Battery,68.591
06/07/2021 00:00,VIC,Brown coal,102178.964
06/07/2021 00:00,VIC,Gas,11509.508
06/07/2021 00:00,VIC,Hydro,21671.781
06/07/2021 00:00,VIC,Solar,797.132
06/07/2021 00:00,VIC,Wind,5429.112
07/07/2021 00:00,NSW,Black coal,174079.313
07/07/2021 00:00,NSW,Gas,9416.262
07/07/2021 00:00,NSW,Hydro,12700.772
07/07/2021 00:00,NSW,Liquid Fuel,0
07/07/2021 00:00,NSW,Solar,7022.61
07/07/2021 00:00,NSW,Wind,4337.695
07/07/2021 00:00,QLD,Battery,0
07/07/2021 00:00,QLD,Biomass,1409.65
07/07/2021 00:00,QLD,Black coal,126052.036
07/07/2021 00:00,QLD,Gas,20081.649
07/07/2021 00:00,QLD,Hydro,3770.189
07/07/2021 00:00,QLD,Liquid Fuel,1957.131
07/07/2021 00:00,QLD,Solar,8401.877
07/07/2021 00:00,QLD,Wind,3641.128
07/07/2021 00:00,SA,Battery,365.108
07/07/2021 00:00,SA,Gas,24148.901
07/07/2021 00:00,SA,Liquid Fuel,295.863
07/07/2021 00:00,SA,Solar,1714.892
07/07/2021 00:00,SA,Wind,18228.529
07/07/2021 00:00,TAS,Gas,188.996
07/07/2021 00:00,TAS,Hydro,44355.144
07/07/2021 00:00,TAS,Wind,1081.462
07/07/2021 00:00,VIC,Battery,64.731
07/07/2021 00:00,VIC,Brown coal,100381.512
07/07/2021 00:00,VIC,Gas,12853.836
07/07/2021 00:00,VIC,Hydro,14244.359
07/07/2021 00:00,VIC,Solar,1041.689
07/07/2021 00:00,VIC,Wind,6718.15
08/07/2021 00:00,NSW,Black coal,177633.96
08/07/2021 00:00,NSW,Gas,10627.12
08/07/2021 00:00,NSW,Hydro,16148.712
08/07/2021 00:00,NSW,Liquid Fuel,0
08/07/2021 00:00,NSW,Solar,4652.273
08/07/2021 00:00,NSW,Wind,7354.715
08/07/2021 00:00,QLD,Battery,0
08/07/2021 00:00,QLD,Biomass,1155.142
08/07/2021 00:00,QLD,Black coal,122909.337
08/07/2021 00:00,QLD,Gas,20934.999
08/07/2021 00:00,QLD,Hydro,4141.573
08/07/2021 00:00,QLD,Liquid Fuel,2719.446
08/07/2021 00:00,QLD,Solar,5545.219
08/07/2021 00:00,QLD,Wind,7912.524
08/07/2021 00:00,SA,Battery,289.357
08/07/2021 00:00,SA,Gas,24724.185
08/07/2021 00:00,SA,Liquid Fuel,871.09
08/07/2021 00:00,SA,Solar,1131.322
08/07/2021 00:00,SA,Wind,15967.706
08/07/2021 00:00,TAS,Gas,0
08/07/2021 00:00,TAS,Hydro,45441.512
08/07/2021 00:00,TAS,Wind,1002.168
08/07/2021 00:00,VIC,Battery,55.866
08/07/2021 00:00,VIC,Brown coal,100551.795
08/07/2021 00:00,VIC,Gas,11451.96
08/07/2021 00:00,VIC,Hydro,16753.52
08/07/2021 00:00,VIC,Solar,1647.355
08/07/2021 00:00,VIC,Wind,6723.375
09/07/2021 00:00,NSW,Black coal,185025.793
09/07/2021 00:00,NSW,Gas,9124.103
09/07/2021 00:00,NSW,Hydro,17917.915
09/07/2021 00:00,NSW,Liquid Fuel,0
09/07/2021 00:00,NSW,Solar,4384.376
09/07/2021 00:00,NSW,Wind,8631.168
09/07/2021 00:00,QLD,Battery,0.04
09/07/2021 00:00,QLD,Biomass,1639.358
09/07/2021 00:00,QLD,Black coal,127427.039
09/07/2021 00:00,QLD,Gas,22380.601
09/07/2021 00:00,QLD,Hydro,4518.81
09/07/2021 00:00,QLD,Liquid Fuel,1695.489
09/07/2021 00:00,QLD,Solar,6378.038
09/07/2021 00:00,QLD,Wind,7063.535
09/07/2021 00:00,SA,Battery,367.626
09/07/2021 00:00,SA,Gas,28123.386
09/07/2021 00:00,SA,Liquid Fuel,1548.845
09/07/2021 00:00,SA,Solar,1305.429
09/07/2021 00:00,SA,Wind,7366.704
09/07/2021 00:00,TAS,Gas,0
09/07/2021 00:00,TAS,Hydro,45455.018
09/07/2021 00:00,TAS,Wind,2009.786
09/07/2021 00:00,VIC,Battery,50.155
09/07/2021 00:00,VIC,Brown coal,97922.014
09/07/2021 00:00,VIC,Gas,15228.382
09/07/2021 00:00,VIC,Hydro,20298.876
09/07/2021 00:00,VIC,Solar,1540.266
09/07/2021 00:00,VIC,Wind,1700.882
10/07/2021 00:00,NSW,Black coal,175408.694
10/07/2021 00:00,NSW,Gas,2705.965
10/07/2021 00:00,NSW,Hydro,4405.604
10/07/2021 00:00,NSW,Liquid Fuel,0
10/07/2021 00:00,NSW,Solar,6944.362
10/07/2021 00:00,NSW,Wind,13483.004
10/07/2021 00:00,QLD,Battery,0
10/07/2021 00:00,QLD,Biomass,1658.792
10/07/2021 00:00,QLD,Black coal,121636.621
10/07/2021 00:00,QLD,Gas,12609.718
10/07/2021 00:00,QLD,Hydro,4036.166
10/07/2021 00:00,QLD,Liquid Fuel,294.12
10/07/2021 00:00,QLD,Solar,10295.355
10/07/2021 00:00,QLD,Wind,9946.134
10/07/2021 00:00,SA,Battery,405.64
10/07/2021 00:00,SA,Gas,26172.488
10/07/2021 00:00,SA,Liquid Fuel,307.211
10/07/2021 00:00,SA,Solar,1600.695
10/07/2021 00:00,SA,Wind,7324.744
10/07/2021 00:00,TAS,Gas,0
10/07/2021 00:00,TAS,Hydro,43875.553
10/07/2021 00:00,TAS,Wind,503.079
10/07/2021 00:00,VIC,Battery,20.421
10/07/2021 00:00,VIC,Brown coal,93986.127
10/07/2021 00:00,VIC,Gas,6713.786
10/07/2021 00:00,VIC,Hydro,16999.182
10/07/2021 00:00,VIC,Solar,2147.669
10/07/2021 00:00,VIC,Wind,3460.713
11/07/2021 00:00,NSW,Black coal,158475.959
11/07/2021 00:00,NSW,Gas,4773.738
11/07/2021 00:00,NSW,Hydro,5229.519
11/07/2021 00:00,NSW,Liquid Fuel,0
11/07/2021 00:00,NSW,Solar,6614.237
11/07/2021 00:00,NSW,Wind,9951.525
11/07/2021 00:00,QLD,Battery,0
11/07/2021 00:00,QLD,Biomass,1639.317
11/07/2021 00:00,QLD,Black coal,121797.464
11/07/2021 00:00,QLD,Gas,10903.486
11/07/2021 00:00,QLD,Hydro,3956.749
11/07/2021 00:00,QLD,Liquid Fuel,723.046
11/07/2021 00:00,QLD,Solar,10083.077
11/07/2021 00:00,QLD,Wind,5200.329
11/07/2021 00:00,SA,Battery,333.219
11/07/2021 00:00,SA,Gas,9113.22
11/07/2021 00:00,SA,Liquid Fuel,0
11/07/2021 00:00,SA,Solar,764.247
11/07/2021 00:00,SA,Wind,30186.056
11/07/2021 00:00,TAS,Gas,0
11/07/2021 00:00,TAS,Hydro,30433.505
11/07/2021 00:00,TAS,Wind,2478.84
11/07/2021 00:00,VIC,Battery,19.68
11/07/2021 00:00,VIC,Brown coal,104956.442
11/07/2021 00:00,VIC,Gas,9.6
11/07/2021 00:00,VIC,Hydro,2923.309
11/07/2021 00:00,VIC,Solar,1832.52
11/07/2021 00:00,VIC,Wind,27983.232
12/07/2021 00:00,NSW,Black coal,169679.532
12/07/2021 00:00,NSW,Gas,6845.031
12/07/2021 00:00,NSW,Hydro,10449.468
12/07/2021 00:00,NSW,Liquid Fuel,0
12/07/2021 00:00,NSW,Solar,4933.2
12/07/2021 00:00,NSW,Wind,8001.484
12/07/2021 00:00,QLD,Battery,0
12/07/2021 00:00,QLD,Biomass,1648.975
12/07/2021 00:00,QLD,Black coal,120492.491
12/07/2021 00:00,QLD,Gas,16338.373
12/07/2021 00:00,QLD,Hydro,3690.919
12/07/2021 00:00,QLD,Liquid Fuel,2236.199
12/07/2021 00:00,QLD,Solar,9163.176
12/07/2021 00:00,QLD,Wind,3492.421
12/07/2021 00:00,SA,Battery,324.536
12/07/2021 00:00,SA,Gas,18471.853
12/07/2021 00:00,SA,Liquid Fuel,71.352
12/07/2021 00:00,SA,Solar,1138.642
12/07/2021 00:00,SA,Wind,16935.469
12/07/2021 00:00,TAS,Gas,0
12/07/2021 00:00,TAS,Hydro,26270.205
12/07/2021 00:00,TAS,Wind,5699.716
12/07/2021 00:00,VIC,Battery,67.316
12/07/2021 00:00,VIC,Brown coal,109203.84
12/07/2021 00:00,VIC,Gas,1156.983
12/07/2021 00:00,VIC,Hydro,7801.751
12/07/2021 00:00,VIC,Solar,2131.761
12/07/2021 00:00,VIC,Wind,40968.632
13/07/2021 00:00,NSW,Black coal,177656.866
13/07/2021 00:00,NSW,Gas,5469.086
13/07/2021 00:00,NSW,Hydro,2980.396
13/07/2021 00:00,NSW,Liquid Fuel,0
13/07/2021 00:00,NSW,Solar,5127.971
13/07/2021 00:00,NSW,Wind,14677.248
13/07/2021 00:00,QLD,Battery,0.202
13/07/2021 00:00,QLD,Biomass,1674.525
13/07/2021 00:00,QLD,Black coal,116990.926
13/07/2021 00:00,QLD,Gas,18270.586
13/07/2021 00:00,QLD,Hydro,3722.311
13/07/2021 00:00,QLD,Liquid Fuel,1161.994
13/07/2021 00:00,QLD,Solar,8418.055
13/07/2021 00:00,QLD,Wind,3509.085
13/07/2021 00:00,SA,Battery,286.478
13/07/2021 00:00,SA,Gas,14330.975
13/07/2021 00:00,SA,Liquid Fuel,17.517
13/07/2021 00:00,SA,Solar,563.637
13/07/2021 00:00,SA,Wind,23138.267
13/07/2021 00:00,TAS,Gas,0
13/07/2021 00:00,TAS,Hydro,28498.211
13/07/2021 00:00,TAS,Wind,3643.132
13/07/2021 00:00,VIC,Battery,104.903
13/07/2021 00:00,VIC,Brown coal,111744.353
13/07/2021 00:00,VIC,Gas,1832.237
13/07/2021 00:00,VIC,Hydro,12058.851
13/07/2021 00:00,VIC,Solar,2359.391
13/07/2021 00:00,VIC,Wind,25174.826
14/07/2021 00:00,NSW,Black coal,170011.035
14/07/2021 00:00,NSW,Gas,9576.69
14/07/2021 00:00,NSW,Hydro,6969.801
14/07/2021 00:00,NSW,Liquid Fuel,0
14/07/2021 00:00,NSW,Solar,2194.497
14/07/2021 00:00,NSW,Wind,30352.699
14/07/2021 00:00,QLD,Battery,0.593
14/07/2021 00:00,QLD,Biomass,1497.283
14/07/2021 00:00,QLD,Black coal,121859.313
14/07/2021 00:00,QLD,Gas,15045.487
14/07/2021 00:00,QLD,Hydro,3678.411
14/07/2021 00:00,QLD,Liquid Fuel,366.831
14/07/2021 00:00,QLD,Solar,6279.189
14/07/2021 00:00,QLD,Wind,6115.562
14/07/2021 00:00,SA,Battery,345.722
14/07/2021 00:00,SA,Gas,9492.211
14/07/2021 00:00,SA,Liquid Fuel,0
14/07/2021 00:00,SA,Solar,1064.127
14/07/2021 00:00,SA,Wind,30189.265
14/07/2021 00:00,TAS,Gas,0
14/07/2021 00:00,TAS,Hydro,25782.903
14/07/2021 00:00,TAS,Wind,2536.157
14/07/2021 00:00,VIC,Battery,87.188
14/07/2021 00:00,VIC,Brown coal,107289.512
14/07/2021 00:00,VIC,Gas,1497.767
14/07/2021 00:00,VIC,Hydro,8412.109
14/07/2021 00:00,VIC,Solar,2230.703
14/07/2021 00:00,VIC,Wind,36584.689
15/07/2021 00:00,NSW,Black coal,157732.788
15/07/2021 00:00,NSW,Gas,2900.423
15/07/2021 00:00,NSW,Hydro,3064.35
15/07/2021 00:00,NSW,Liquid Fuel,0
15/07/2021 00:00,NSW,Solar,5512.852
15/07/2021 00:00,NSW,Wind,27502.931
15/07/2021 00:00,QLD,Battery,0
15/07/2021 00:00,QLD,Biomass,1165.483
15/07/2021 00:00,QLD,Black coal,121089.47
15/07/2021 00:00,QLD,Gas,16248.421
15/07/2021 00:00,QLD,Hydro,3960.389
15/07/2021 00:00,QLD,Liquid Fuel,0
15/07/2021 00:00,QLD,Solar,6303.144
15/07/2021 00:00,QLD,Wind,5211.85
15/07/2021 00:00,SA,Battery,275.881
15/07/2021 00:00,SA,Gas,7227.364
15/07/2021 00:00,SA,Liquid Fuel,11.982
15/07/2021 00:00,SA,Solar,1123.489
15/07/2021 00:00,SA,Wind,29276.833
15/07/2021 00:00,TAS,Gas,0
15/07/2021 00:00,TAS,Hydro,20334.153
15/07/2021 00:00,TAS,Wind,4541.908
15/07/2021 00:00,VIC,Battery,58.804
15/07/2021 00:00,VIC,Brown coal,106248.269
15/07/2021 00:00,VIC,Gas,806.917
15/07/2021 00:00,VIC,Hydro,6005.698
15/07/2021 00:00,VIC,Solar,1331.076
15/07/2021 00:00,VIC,Wind,37818.342
16/07/2021 00:00,NSW,Black coal,159593.351
16/07/2021 00:00,NSW,Gas,2066.628
16/07/2021 00:00,NSW,Hydro,3031.936
16/07/2021 00:00,NSW,Liquid Fuel,0
16/07/2021 00:00,NSW,Solar,5017.569
16/07/2021 00:00,NSW,Wind,34234.545
16/07/2021 00:00,QLD,Battery,3.334
16/07/2021 00:00,QLD,Biomass,989.192
16/07/2021 00:00,QLD,Black coal,120447.236
16/07/2021 00:00,QLD,Gas,13703.318
16/07/2021 00:00,QLD,Hydro,3413.169
16/07/2021 00:00,QLD,Liquid Fuel,153.425
16/07/2021 00:00,QLD,Solar,7103.388
16/07/2021 00:00,QLD,Wind,7249.714
16/07/2021 00:00,SA,Battery,304.245
16/07/2021 00:00,SA,Gas,8103.232
16/07/2021 00:00,SA,Liquid Fuel,0
16/07/2021 00:00,SA,Solar,414.242
16/07/2021 00:00,SA,Wind,30196.589
16/07/2021 00:00,TAS,Gas,0
16/07/2021 00:00,TAS,Hydro,22249.652
16/07/2021 00:00,TAS,Wind,4348.815
16/07/2021 00:00,VIC,Battery,72.243
16/07/2021 00:00,VIC,Brown coal,107406.09
16/07/2021 00:00,VIC,Gas,783.937
16/07/2021 00:00,VIC,Hydro,6521.238
16/07/2021 00:00,VIC,Solar,1071.061
16/07/2021 00:00,VIC,Wind,43047.368
17/07/2021 00:00,NSW,Black coal,144894.158
17/07/2021 00:00,NSW,Gas,3336.918
17/07/2021 00:00,NSW,Hydro,5088.421
17/07/2021 00:00,NSW,Liquid Fuel,0
17/07/2021 00:00,NSW,Solar,5219.419
17/07/2021 00:00,NSW,Wind,34467.832
17/07/2021 00:00,QLD,Battery,0
17/07/2021 00:00,QLD,Biomass,1664.058
17/07/2021 00:00,QLD,Black coal,114855.131
17/07/2021 00:00,QLD,Gas,11735.104
17/07/2021 00:00,QLD,Hydro,3396.558
17/07/2021 00:00,QLD,Liquid Fuel,150.38
17/07/2021 00:00,QLD,Solar,9110.501
17/07/2021 00:00,QLD,Wind,8675.775
17/07/2021 00:00,SA,Battery,234.01
17/07/2021 00:00,SA,Gas,8363.238
17/07/2021 00:00,SA,Liquid Fuel,0
17/07/2021 00:00,SA,Solar,1158.234
17/07/2021 00:00,SA,Wind,29172.3
17/07/2021 00:00,TAS,Gas,0
17/07/2021 00:00,TAS,Hydro,21865.526
17/07/2021 00:00,TAS,Wind,3311.815
17/07/2021 00:00,VIC,Battery,73.94
17/07/2021 00:00,VIC,Brown coal,105479.956
17/07/2021 00:00,VIC,Gas,0
17/07/2021 00:00,VIC,Hydro,61.918
17/07/2021 00:00,VIC,Solar,668.901
17/07/2021 00:00,VIC,Wind,47422.752
18/07/2021 00:00,NSW,Black coal,149290.846
18/07/2021 00:00,NSW,Gas,5883.917
18/07/2021 00:00,NSW,Hydro,2947.296
18/07/2021 00:00,NSW,Liquid Fuel,0
18/07/2021 00:00,NSW,Solar,4607.786
18/07/2021 00:00,NSW,Wind,19054.262
18/07/2021 00:00,QLD,Battery,0
18/07/2021 00:00,QLD,Biomass,1616.592
18/07/2021 00:00,QLD,Black coal,116141.505
18/07/2021 00:00,QLD,Gas,11895.429
18/07/2021 00:00,QLD,Hydro,3658.895
18/07/2021 00:00,QLD,Liquid Fuel,187.658
18/07/2021 00:00,QLD,Solar,10088.378
18/07/2021 00:00,QLD,Wind,7267.862
18/07/2021 00:00,SA,Battery,280.765
18/07/2021 00:00,SA,Gas,18656.545
18/07/2021 00:00,SA,Liquid Fuel,13.289
18/07/2021 00:00,SA,Solar,1182.997
18/07/2021 00:00,SA,Wind,5218.012
18/07/2021 00:00,TAS,Gas,0
18/07/2021 00:00,TAS,Hydro,28724.908
18/07/2021 00:00,TAS,Wind,6478.941
18/07/2021 00:00,VIC,Battery,51.83
18/07/2021 00:00,VIC,Brown coal,109418.451
18/07/2021 00:00,VIC,Gas,2471.703
18/07/2021 00:00,VIC,Hydro,9119.796
18/07/2021 00:00,VIC,Solar,1725.427
18/07/2021 00:00,VIC,Wind,17413.002
19/07/2021 00:00,NSW,Black coal,165715.206
19/07/2021 00:00,NSW,Gas,9923.665
19/07/2021 00:00,NSW,Hydro,9239.641
19/07/2021 00:00,NSW,Liquid Fuel,0
19/07/2021 00:00,NSW,Solar,4050.616
19/07/2021 00:00,NSW,Wind,10574.611
19/07/2021 00:00,QLD,Battery,0
19/07/2021 00:00,QLD,Biomass,1138.275
19/07/2021 00:00,QLD,Black coal,122906.295
19/07/2021 00:00,QLD,Gas,18968.533
19/07/2021 00:00,QLD,Hydro,4452.217
19/07/2021 00:00,QLD,Liquid Fuel,1340.536
19/07/2021 00:00,QLD,Solar,9971.541
19/07/2021 00:00,QLD,Wind,2519.145
19/07/2021 00:00,SA,Battery,319.486
19/07/2021 00:00,SA,Gas,17312.04
19/07/2021 00:00,SA,Liquid Fuel,0
19/07/2021 00:00,SA,Solar,1817.177
19/07/2021 00:00,SA,Wind,20288.184
19/07/2021 00:00,TAS,Gas,0
19/07/2021 00:00,TAS,Hydro,36622.381
19/07/2021 00:00,TAS,Wind,5598.339
19/07/2021 00:00,VIC,Battery,49.698
19/07/2021 00:00,VIC,Brown coal,111529.982
19/07/2021 00:00,VIC,Gas,1414.286
19/07/2021 00:00,VIC,Hydro,9879.199
19/07/2021 00:00,VIC,Solar,1255.764
19/07/2021 00:00,VIC,Wind,28393.986
20/07/2021 00:00,NSW,Black coal,162947.057
20/07/2021 00:00,NSW,Gas,7968.631
20/07/2021 00:00,NSW,Hydro,7162.664
20/07/2021 00:00,NSW,Liquid Fuel,0
20/07/2021 00:00,NSW,Solar,2289.283
20/07/2021 00:00,NSW,Wind,31315.177
20/07/2021 00:00,QLD,Battery,0.218
20/07/2021 00:00,QLD,Biomass,1369.658
20/07/2021 00:00,QLD,Black coal,121407.631
20/07/2021 00:00,QLD,Gas,19319.482
20/07/2021 00:00,QLD,Hydro,4159.437
20/07/2021 00:00,QLD,Liquid Fuel,1710.704
20/07/2021 00:00,QLD,Solar,10206.016
20/07/2021 00:00,QLD,Wind,4924.855
20/07/2021 00:00,SA,Battery,395.706
20/07/2021 00:00,SA,Gas,12094.059
20/07/2021 00:00,SA,Liquid Fuel,0
20/07/2021 00:00,SA,Solar,816.082
20/07/2021 00:00,SA,Wind,28661.494
20/07/2021 00:00,TAS,Gas,0
20/07/2021 00:00,TAS,Hydro,29258.614
20/07/2021 00:00,TAS,Wind,7100.512
20/07/2021 00:00,VIC,Battery,52.751
20/07/2021 00:00,VIC,Brown coal,106823.404
20/07/2021 00:00,VIC,Gas,236.987
20/07/2021 00:00,VIC,Hydro,8989.064
20/07/2021 00:00,VIC,Solar,912.88
20/07/2021 00:00,VIC,Wind,45815.649
21/07/2021 00:00,NSW,Black coal,159911.616
21/07/2021 00:00,NSW,Gas,15620.426
21/07/2021 00:00,NSW,Hydro,6676.505
21/07/2021 00:00,NSW,Liquid Fuel,0
21/07/2021 00:00,NSW,Solar,7359.813
21/07/2021 00:00,NSW,Wind,15176.978
21/07/2021 00:00,QLD,Battery,0
21/07/2021 00:00,QLD,Biomass,1275.1
21/07/2021 00:00,QLD,Black coal,118510.564
21/07/2021 00:00,QLD,Gas,21857.875
21/07/2021 00:00,QLD,Hydro,3906.457
21/07/2021 00:00,QLD,Liquid Fuel,2112.454
21/07/2021 00:00,QLD,Solar,9454.074
21/07/2021 00:00,QLD,Wind,8771.655
21/07/2021 00:00,SA,Battery,420.161
21/07/2021 00:00,SA,Gas,24539.772
21/07/2021 00:00,SA,Liquid Fuel,165.42
21/07/2021 00:00,SA,Solar,1023.322
21/07/2021 00:00,SA,Wind,9293.999
21/07/2021 00:00,TAS,Gas,0
21/07/2021 00:00,TAS,Hydro,37768.952
21/07/2021 00:00,TAS,Wind,6205.616
21/07/2021 00:00,VIC,Battery,79.603
21/07/2021 00:00,VIC,Brown coal,110624.551
21/07/2021 00:00,VIC,Gas,8088.099
21/07/2021 00:00,VIC,Hydro,17752.867
21/07/2021 00:00,VIC,Solar,3269.645
21/07/2021 00:00,VIC,Wind,14477.27
22/07/2021 00:00,NSW,Black coal,159344.736
22/07/2021 00:00,NSW,Gas,18068.888
22/07/2021 00:00,NSW,Hydro,8164.324
22/07/2021 00:00,NSW,Liquid Fuel,0
22/07/2021 00:00,NSW,Solar,6312.605
22/07/2021 00:00,NSW,Wind,9093.734
22/07/2021 00:00,QLD,Battery,0
22/07/2021 00:00,QLD,Biomass,1473.2
22/07/2021 00:00,QLD,Black coal,120666.284
22/07/2021 00:00,QLD,Gas,22742.279
22/07/2021 00:00,QLD,Hydro,4063.192
22/07/2021 00:00,QLD,Liquid Fuel,1980.99
22/07/2021 00:00,QLD,Solar,9451.059
22/07/2021 00:00,QLD,Wind,4379.196
22/07/2021 00:00,SA,Battery,354.481
22/07/2021 00:00,SA,Gas,17914.08
22/07/2021 00:00,SA,Liquid Fuel,13.377
22/07/2021 00:00,SA,Solar,388.858
22/07/2021 00:00,SA,Wind,29159.276
22/07/2021 00:00,TAS,Gas,0
22/07/2021 00:00,TAS,Hydro,37196.359
22/07/2021 00:00,TAS,Wind,4982.003
22/07/2021 00:00,VIC,Battery,90.838
22/07/2021 00:00,VIC,Brown coal,108090.784
22/07/2021 00:00,VIC,Gas,7402.632
22/07/2021 00:00,VIC,Hydro,9263.644
22/07/2021 00:00,VIC,Solar,1759.384
22/07/2021 00:00,VIC,Wind,30624.502
23/07/2021 00:00,NSW,Black coal,169334.513
23/07/2021 00:00,NSW,Gas,14619.78
23/07/2021 00:00,NSW,Hydro,5053.215
23/07/2021 00:00,NSW,Liquid Fuel,0
23/07/2021 00:00,NSW,Solar,2528.454
23/07/2021 00:00,NSW,Wind,16197.127
23/07/2021 00:00,QLD,Battery,0
23/07/2021 00:00,QLD,Biomass,1635.042
23/07/2021 00:00,QLD,Black coal,124288.112
23/07/2021 00:00,QLD,Gas,23183.475
23/07/2021 00:00,QLD,Hydro,4195.51
23/07/2021 00:00,QLD,Liquid Fuel,2193.368
23/07/2021 00:00,QLD,Solar,8093.831
23/07/2021 00:00,QLD,Wind,5766.345
23/07/2021 00:00,SA,Battery,277.895
23/07/2021 00:00,SA,Gas,27142.322
23/07/2021 00:00,SA,Liquid Fuel,32.957
23/07/2021 00:00,SA,Solar,1018.857
23/07/2021 00:00,SA,Wind,12086.268
23/07/2021 00:00,TAS,Gas,0
23/07/2021 00:00,TAS,Hydro,38204.138
23/07/2021 00:00,TAS,Wind,4574.338
23/07/2021 00:00,VIC,Battery,30.006
23/07/2021 00:00,VIC,Brown coal,96837.521
23/07/2021 00:00,VIC,Gas,18469.351
23/07/2021 00:00,VIC,Hydro,17249.166
23/07/2021 00:00,VIC,Solar,1384.937
23/07/2021 00:00,VIC,Wind,15129.756
24/07/2021 00:00,NSW,Black coal,146378.386
24/07/2021 00:00,NSW,Gas,1530.465
24/07/2021 00:00,NSW,Hydro,3836.83
24/07/2021 00:00,NSW,Liquid Fuel,0
24/07/2021 00:00,NSW,Solar,3815.199
24/07/2021 00:00,NSW,Wind,30209.461
24/07/2021 00:00,QLD,Battery,0
24/07/2021 00:00,QLD,Biomass,1412.583
24/07/2021 00:00,QLD,Black coal,115016.126
24/07/2021 00:00,QLD,Gas,14572.105
24/07/2021 00:00,QLD,Hydro,3474.427
24/07/2021 00:00,QLD,Liquid Fuel,38.036
24/07/2021 00:00,QLD,Solar,8923.541
24/07/2021 00:00,QLD,Wind,4015.682
24/07/2021 00:00,SA,Battery,264.061
24/07/2021 00:00,SA,Gas,8281.815
24/07/2021 00:00,SA,Liquid Fuel,0
24/07/2021 00:00,SA,Solar,560.615
24/07/2021 00:00,SA,Wind,32772.556
24/07/2021 00:00,TAS,Gas,0
24/07/2021 00:00,TAS,Hydro,28376.863
24/07/2021 00:00,TAS,Wind,8044.023
24/07/2021 00:00,VIC,Battery,67.087
24/07/2021 00:00,VIC,Brown coal,94011.071
24/07/2021 00:00,VIC,Gas,96.417
24/07/2021 00:00,VIC,Hydro,952.779
24/07/2021 00:00,VIC,Solar,990.315
24/07/2021 00:00,VIC,Wind,51558.408
25/07/2021 00:00,NSW,Black coal,132533.272
25/07/2021 00:00,NSW,Gas,3211.387
25/07/2021 00:00,NSW,Hydro,3790.243
25/07/2021 00:00,NSW,Liquid Fuel,0
25/07/2021 00:00,NSW,Solar,6575.255
25/07/2021 00:00,NSW,Wind,39494.674
25/07/2021 00:00,QLD,Battery,0
25/07/2021 00:00,QLD,Biomass,1575.417
25/07/2021 00:00,QLD,Black coal,115285.26
25/07/2021 00:00,QLD,Gas,10159.393
25/07/2021 00:00,QLD,Hydro,3383.621
25/07/2021 00:00,QLD,Liquid Fuel,0
25/07/2021 00:00,QLD,Solar,9986.231
25/07/2021 00:00,QLD,Wind,9707.014
25/07/2021 00:00,SA,Battery,222.207
25/07/2021 00:00,SA,Gas,7725.764
25/07/2021 00:00,SA,Liquid Fuel,0
25/07/2021 00:00,SA,Solar,894.296
25/07/2021 00:00,SA,Wind,32054.205
25/07/2021 00:00,TAS,Gas,0
25/07/2021 00:00,TAS,Hydro,23443.14
25/07/2021 00:00,TAS,Wind,10649.484
25/07/2021 00:00,VIC,Battery,45.276
25/07/2021 00:00,VIC,Brown coal,93198.318
25/07/2021 00:00,VIC,Gas,869.667
25/07/2021 00:00,VIC,Hydro,1451.984
25/07/2021 00:00,VIC,Solar,2168.353
25/07/2021 00:00,VIC,Wind,47799.374
26/07/2021 00:00,NSW,Black coal,147761.729
26/07/2021 00:00,NSW,Gas,5754.289
26/07/2021 00:00,NSW,Hydro,5165.424
26/07/2021 00:00,NSW,Liquid Fuel,0
26/07/2021 00:00,NSW,Solar,5329.097
26/07/2021 00:00,NSW,Wind,29997.307
26/07/2021 00:00,QLD,Battery,0
26/07/2021 00:00,QLD,Biomass,1551.317
26/07/2021 00:00,QLD,Black coal,125248.008
26/07/2021 00:00,QLD,Gas,15530.515
26/07/2021 00:00,QLD,Hydro,2590.743
26/07/2021 00:00,QLD,Liquid Fuel,1151.972
26/07/2021 00:00,QLD,Solar,9578.836
26/07/2021 00:00,QLD,Wind,5578.28
26/07/2021 00:00,SA,Battery,313.118
26/07/2021 00:00,SA,Gas,7990.316
26/07/2021 00:00,SA,Liquid Fuel,0
26/07/2021 00:00,SA,Solar,1371.83
26/07/2021 00:00,SA,Wind,28031.288
26/07/2021 00:00,TAS,Gas,0
26/07/2021 00:00,TAS,Hydro,28913.309
26/07/2021 00:00,TAS,Wind,9426.766
26/07/2021 00:00,VIC,Battery,26.324
26/07/2021 00:00,VIC,Brown coal,95963.652
26/07/2021 00:00,VIC,Gas,943.667
26/07/2021 00:00,VIC,Hydro,1056.292
26/07/2021 00:00,VIC,Solar,1219.113
26/07/2021 00:00,VIC,Wind,46785.524
27/07/2021 00:00,NSW,Black coal,145726.302
27/07/2021 00:00,NSW,Gas,3324.131
27/07/2021 00:00,NSW,Hydro,4680.928
27/07/2021 00:00,NSW,Liquid Fuel,0
27/07/2021 00:00,NSW,Solar,7817.348
27/07/2021 00:00,NSW,Wind,21487.428
27/07/2021 00:00,QLD,Battery,0
27/07/2021 00:00,QLD,Biomass,1748.25
27/07/2021 00:00,QLD,Black coal,126666.868
27/07/2021 00:00,QLD,Gas,14813.847
27/07/2021 00:00,QLD,Hydro,1569.087
27/07/2021 00:00,QLD,Liquid Fuel,701.35
27/07/2021 00:00,QLD,Solar,10169.514
27/07/2021 00:00,QLD,Wind,3019.82
27/07/2021 00:00,SA,Battery,349.128
27/07/2021 00:00,SA,Gas,8015.199
27/07/2021 00:00,SA,Liquid Fuel,0
27/07/2021 00:00,SA,Solar,872.324
27/07/2021 00:00,SA,Wind,30392.461
27/07/2021 00:00,TAS,Gas,0
27/07/2021 00:00,TAS,Hydro,24393.711
27/07/2021 00:00,TAS,Wind,9304.642
27/07/2021 00:00,VIC,Battery,60.238
27/07/2021 00:00,VIC,Brown coal,90131.252
27/07/2021 00:00,VIC,Gas,0
27/07/2021 00:00,VIC,Hydro,707.951
27/07/2021 00:00,VIC,Solar,2223.423
27/07/2021 00:00,VIC,Wind,51561.236
28/07/2021 00:00,NSW,Black coal,140981.261
28/07/2021 00:00,NSW,Gas,206.925
28/07/2021 00:00,NSW,Hydro,4859.25
28/07/2021 00:00,NSW,Liquid Fuel,0
28/07/2021 00:00,NSW,Solar,3514.78
28/07/2021 00:00,NSW,Wind,33163.618
28/07/2021 00:00,QLD,Battery,0
28/07/2021 00:00,QLD,Biomass,1750.2
28/07/2021 00:00,QLD,Black coal,125729.656
28/07/2021 00:00,QLD,Gas,12841.827
28/07/2021 00:00,QLD,Hydro,1412.738
28/07/2021 00:00,QLD,Liquid Fuel,82.583
28/07/2021 00:00,QLD,Solar,10239.495
28/07/2021 00:00,QLD,Wind,5014.811
28/07/2021 00:00,SA,Battery,283.601
28/07/2021 00:00,SA,Gas,10628.419
28/07/2021 00:00,SA,Liquid Fuel,3.413
28/07/2021 00:00,SA,Solar,1006.3
28/07/2021 00:00,SA,Wind,30346.416
28/07/2021 00:00,TAS,Gas,0
28/07/2021 00:00,TAS,Hydro,20240.431
28/07/2021 00:00,TAS,Wind,10290.7
28/07/2021 00:00,VIC,Battery,110.419
28/07/2021 00:00,VIC,Brown coal,90988.456
28/07/2021 00:00,VIC,Gas,2143.438
28/07/2021 00:00,VIC,Hydro,717.558
28/07/2021 00:00,VIC,Solar,1953.515
28/07/2021 00:00,VIC,Wind,45770.247
29/07/2021 00:00,NSW,Black coal,146725.64
29/07/2021 00:00,NSW,Gas,3340.617
29/07/2021 00:00,NSW,Hydro,5420.6
29/07/2021 00:00,NSW,Liquid Fuel,0
29/07/2021 00:00,NSW,Solar,9740.766
29/07/2021 00:00,NSW,Wind,23020.507
29/07/2021 00:00,QLD,Battery,1.097
29/07/2021 00:00,QLD,Biomass,1404.642
29/07/2021 00:00,QLD,Black coal,125756.222
29/07/2021 00:00,QLD,Gas,14778.322
29/07/2021 00:00,QLD,Hydro,1369.069
29/07/2021 00:00,QLD,Liquid Fuel,0
29/07/2021 00:00,QLD,Solar,9396.885
29/07/2021 00:00,QLD,Wind,4656.409
29/07/2021 00:00,SA,Battery,293.975
29/07/2021 00:00,SA,Gas,12171.657
29/07/2021 00:00,SA,Liquid Fuel,73.29
29/07/2021 00:00,SA,Solar,1776.879
29/07/2021 00:00,SA,Wind,18408.27
29/07/2021 00:00,TAS,Gas,0
29/07/2021 00:00,TAS,Hydro,27597.897
29/07/2021 00:00,TAS,Wind,8771.013
29/07/2021 00:00,VIC,Battery,126.648
29/07/2021 00:00,VIC,Brown coal,100080.814
29/07/2021 00:00,VIC,Gas,1348.731
29/07/2021 00:00,VIC,Hydro,1892.69
29/07/2021 00:00,VIC,Solar,3638.959
29/07/2021 00:00,VIC,Wind,36427.267
30/07/2021 00:00,NSW,Black coal,166207.221
30/07/2021 00:00,NSW,Gas,2539.223
30/07/2021 00:00,NSW,Hydro,5448.7
30/07/2021 00:00,NSW,Liquid Fuel,0
30/07/2021 00:00,NSW,Solar,7951.541
30/07/2021 00:00,NSW,Wind,12668.027
30/07/2021 00:00,QLD,Battery,0
30/07/2021 00:00,QLD,Biomass,1866.275
30/07/2021 00:00,QLD,Black coal,121092.453
30/07/2021 00:00,QLD,Gas,14744.022
30/07/2021 00:00,QLD,Hydro,1221.795
30/07/2021 00:00,QLD,Liquid Fuel,158.249
30/07/2021 00:00,QLD,Solar,9839.752
30/07/2021 00:00,QLD,Wind,4970.155
30/07/2021 00:00,SA,Battery,275.457
30/07/2021 00:00,SA,Gas,7451.538
30/07/2021 00:00,SA,Liquid Fuel,0
30/07/2021 00:00,SA,Solar,888.147
30/07/2021 00:00,SA,Wind,29286.767
30/07/2021 00:00,TAS,Gas,0
30/07/2021 00:00,TAS,Hydro,27453.111
30/07/2021 00:00,TAS,Wind,9055.921
30/07/2021 00:00,VIC,Battery,93.413
30/07/2021 00:00,VIC,Brown coal,89171.612
30/07/2021 00:00,VIC,Gas,261.985
30/07/2021 00:00,VIC,Hydro,1394.138
30/07/2021 00:00,VIC,Solar,1962.31
30/07/2021 00:00,VIC,Wind,52095.458
31/07/2021 00:00,NSW,Black coal,144715.808
31/07/2021 00:00,NSW,Gas,501.975
31/07/2021 00:00,NSW,Hydro,3361.303
31/07/2021 00:00,NSW,Liquid Fuel,0
31/07/2021 00:00,NSW,Solar,7926.627
31/07/2021 00:00,NSW,Wind,23715.639
31/07/2021 00:00,QLD,Battery,0
31/07/2021 00:00,QLD,Biomass,1859.808
31/07/2021 00:00,QLD,Black coal,121787.177
31/07/2021 00:00,QLD,Gas,6902.729
31/07/2021 00:00,QLD,Hydro,1783.352
31/07/2021 00:00,QLD,Liquid Fuel,432.411
31/07/2021 00:00,QLD,Solar,8446.751
31/07/2021 00:00,QLD,Wind,4635.12
31/07/2021 00:00,SA,Battery,234.572
31/07/2021 00:00,SA,Gas,10624.637
31/07/2021 00:00,SA,Liquid Fuel,0
31/07/2021 00:00,SA,Solar,891.459
31/07/2021 00:00,SA,Wind,18870.298
31/07/2021 00:00,TAS,Gas,0
31/07/2021 00:00,TAS,Hydro,26602.092
31/07/2021 00:00,TAS,Wind,7951.555
31/07/2021 00:00,VIC,Battery,57.92
31/07/2021 00:00,VIC,Brown coal,80095.602
31/07/2021 00:00,VIC,Gas,4274.652
31/07/2021 00:00,VIC,Hydro,2925.475
31/07/2021 00:00,VIC,Solar,2647.513
31/07/2021 00:00,VIC,Wind,34518.041
01/08/2021 00:00,NSW,Black coal,143517.198
01/08/2021 00:00,NSW,Gas,110.38
01/08/2021 00:00,NSW,Hydro,3264.594
01/08/2021 00:00,NSW,Liquid Fuel,0
01/08/2021 00:00,NSW,Solar,5275.766
01/08/2021 00:00,NSW,Wind,17907.846
01/08/2021 00:00,QLD,Battery,0
01/08/2021 00:00,QLD,Biomass,1879.717
01/08/2021 00:00,QLD,Black coal,119110.598
01/08/2021 00:00,QLD,Gas,5864.2
01/08/2021 00:00,QLD,Hydro,1826.595
01/08/2021 00:00,QLD,Liquid Fuel,756.369
01/08/2021 00:00,QLD,Solar,9103.807
01/08/2021 00:00,QLD,Wind,3281.891
01/08/2021 00:00,SA,Battery,303.226
01/08/2021 00:00,SA,Gas,13106.528
01/08/2021 00:00,SA,Liquid Fuel,37.923
01/08/2021 00:00,SA,Solar,1981.453
01/08/2021 00:00,SA,Wind,8365.08
01/08/2021 00:00,TAS,Gas,0
01/08/2021 00:00,TAS,Hydro,34165.87
01/08/2021 00:00,TAS,Wind,7180.001
01/08/2021 00:00,VIC,Battery,52.002
01/08/2021 00:00,VIC,Brown coal,85561.636
01/08/2021 00:00,VIC,Gas,5427.703
01/08/2021 00:00,VIC,Hydro,6386.531
01/08/2021 00:00,VIC,Solar,3633.337
01/08/2021 00:00,VIC,Wind,16162.301
02/08/2021 00:00,NSW,Black coal,160685.822
02/08/2021 00:00,NSW,Gas,304.108
02/08/2021 00:00,NSW,Hydro,4761.007
02/08/2021 00:00,NSW,Liquid Fuel,0
02/08/2021 00:00,NSW,Solar,9601.689
02/08/2021 00:00,NSW,Wind,12436.294
02/08/2021 00:00,QLD,Battery,0
02/08/2021 00:00,QLD,Biomass,1668.975
02/08/2021 00:00,QLD,Black coal,123933.342
02/08/2021 00:00,QLD,Gas,8064.556
02/08/2021 00:00,QLD,Hydro,1655.617
02/08/2021 00:00,QLD,Liquid Fuel,620.528
02/08/2021 00:00,QLD,Solar,10342.957
02/08/2021 00:00,QLD,Wind,3646.067
02/08/2021 00:00,SA,Battery,192.784
02/08/2021 00:00,SA,Gas,11321.347
02/08/2021 00:00,SA,Liquid Fuel,0
02/08/2021 00:00,SA,Solar,886.575
02/08/2021 00:00,SA,Wind,31922.005
02/08/2021 00:00,TAS,Gas,0
02/08/2021 00:00,TAS,Hydro,33230.253
02/08/2021 00:00,TAS,Wind,4419.797
02/08/2021 00:00,VIC,Battery,63.645
02/08/2021 00:00,VIC,Brown coal,82331.37
02/08/2021 00:00,VIC,Gas,2490.989
02/08/2021 00:00,VIC,Hydro,2262.853
02/08/2021 00:00,VIC,Solar,3589.421
02/08/2021 00:00,VIC,Wind,40532.812
03/08/2021 00:00,NSW,Black coal,152729.814
03/08/2021 00:00,NSW,Gas,2.384
03/08/2021 00:00,NSW,Hydro,2495.439
03/08/2021 00:00,NSW,Liquid Fuel,0
03/08/2021 00:00,NSW,Solar,6558.505
03/08/2021 00:00,NSW,Wind,32597.297
03/08/2021 00:00,QLD,Battery,0
03/08/2021 00:00,QLD,Biomass,1256
03/08/2021 00:00,QLD,Black coal,122387.38
03/08/2021 00:00,QLD,Gas,10263.341
03/08/2021 00:00,QLD,Hydro,1068.95
03/08/2021 00:00,QLD,Liquid Fuel,543.028
03/08/2021 00:00,QLD,Solar,7699.991
03/08/2021 00:00,QLD,Wind,4231.795
03/08/2021 00:00,SA,Battery,257.581
03/08/2021 00:00,SA,Gas,11656.003
03/08/2021 00:00,SA,Liquid Fuel,0
03/08/2021 00:00,SA,Solar,1212.857
03/08/2021 00:00,SA,Wind,30543.076
03/08/2021 00:00,TAS,Gas,0
03/08/2021 00:00,TAS,Hydro,36546.88
03/08/2021 00:00,TAS,Wind,2466.67
03/08/2021 00:00,VIC,Battery,93.482
03/08/2021 00:00,VIC,Brown coal,86593.361
03/08/2021 00:00,VIC,Gas,3764.355
03/08/2021 00:00,VIC,Hydro,3533.245
03/08/2021 00:00,VIC,Solar,2851.022
03/08/2021 00:00,VIC,Wind,35615.93
04/08/2021 00:00,NSW,Black coal,141657.882
04/08/2021 00:00,NSW,Gas,1230.179
04/08/2021 00:00,NSW,Hydro,3618.567
04/08/2021 00:00,NSW,Liquid Fuel,0
04/08/2021 00:00,NSW,Solar,5121.959
04/08/2021 00:00,NSW,Wind,32817.074
04/08/2021 00:00,QLD,Battery,0.188
04/08/2021 00:00,QLD,Biomass,1417.942
04/08/2021 00:00,QLD,Black coal,119206.259
04/08/2021 00:00,QLD,Gas,14316.716
04/08/2021 00:00,QLD,Hydro,1143.847
04/08/2021 00:00,QLD,Liquid Fuel,0
04/08/2021 00:00,QLD,Solar,10853.901
04/08/2021 00:00,QLD,Wind,8073.424
04/08/2021 00:00,SA,Battery,306.478
04/08/2021 00:00,SA,Gas,16727.512
04/08/2021 00:00,SA,Liquid Fuel,0
04/08/2021 00:00,SA,Solar,471.699
04/08/2021 00:00,SA,Wind,25009.323
04/08/2021 00:00,TAS,Gas,0
04/08/2021 00:00,TAS,Hydro,35592.157
04/08/2021 00:00,TAS,Wind,7193.507
04/08/2021 00:00,VIC,Battery,80.968
04/08/2021 00:00,VIC,Brown coal,88738.149
04/08/2021 00:00,VIC,Gas,6531.232
04/08/2021 00:00,VIC,Hydro,6670.62
04/08/2021 00:00,VIC,Solar,1447.671
04/08/2021 00:00,VIC,Wind,35740.429
05/08/2021 00:00,NSW,Black coal,148678.751
05/08/2021 00:00,NSW,Gas,2.624
05/08/2021 00:00,NSW,Hydro,2555.902
05/08/2021 00:00,NSW,Liquid Fuel,0
05/08/2021 00:00,NSW,Solar,5051.89
05/08/2021 00:00,NSW,Wind,28025.413
05/08/2021 00:00,QLD,Battery,0.618
05/08/2021 00:00,QLD,Biomass,1923.408
05/08/2021 00:00,QLD,Black coal,120196.292
05/08/2021 00:00,QLD,Gas,14363.09
05/08/2021 00:00,QLD,Hydro,1196.662
05/08/2021 00:00,QLD,Liquid Fuel,0
05/08/2021 00:00,QLD,Solar,10993.275
05/08/2021 00:00,QLD,Wind,9165.915
05/08/2021 00:00,SA,Battery,328.359
05/08/2021 00:00,SA,Gas,17152.798
05/08/2021 00:00,SA,Liquid Fuel,0
05/08/2021 00:00,SA,Solar,1118.271
05/08/2021 00:00,SA,Wind,17309.549
05/08/2021 00:00,TAS,Gas,0
05/08/2021 00:00,TAS,Hydro,35384.394
05/08/2021 00:00,TAS,Wind,8314.057
05/08/2021 00:00,VIC,Battery,80.593
05/08/2021 00:00,VIC,Brown coal,88821.352
05/08/2021 00:00,VIC,Gas,7735.835
05/08/2021 00:00,VIC,Hydro,5347.208
05/08/2021 00:00,VIC,Solar,1966.189
05/08/2021 00:00,VIC,Wind,29954.92
06/08/2021 00:00,NSW,Black coal,151091.946
06/08/2021 00:00,NSW,Gas,1893.161
06/08/2021 00:00,NSW,Hydro,3874.691
06/08/2021 00:00,NSW,Liquid Fuel,0
06/08/2021 00:00,NSW,Solar,5010.557
06/08/2021 00:00,NSW,Wind,21374.397
06/08/2021 00:00,QLD,Battery,0
06/08/2021 00:00,QLD,Biomass,1513.283
06/08/2021 00:00,QLD,Black coal,124592.362
06/08/2021 00:00,QLD,Gas,14525.322
06/08/2021 00:00,QLD,Hydro,2241.8
06/08/2021 00:00,QLD,Liquid Fuel,0
06/08/2021 00:00,QLD,Solar,8609.925
06/08/2021 00:00,QLD,Wind,6507.665
06/08/2021 00:00,SA,Battery,348.408
06/08/2021 00:00,SA,Gas,23128.436
06/08/2021 00:00,SA,Liquid Fuel,0
06/08/2021 00:00,SA,Solar,1028.03
06/08/2021 00:00,SA,Wind,10042.624
06/08/2021 00:00,TAS,Gas,0
06/08/2021 00:00,TAS,Hydro,34285.855
06/08/2021 00:00,TAS,Wind,9598.158
06/08/2021 00:00,VIC,Battery,67.177
06/08/2021 00:00,VIC,Brown coal,89629.238
06/08/2021 00:00,VIC,Gas,11971.434
06/08/2021 00:00,VIC,Hydro,4903.173
06/08/2021 00:00,VIC,Solar,1529.262
06/08/2021 00:00,VIC,Wind,21653.527
07/08/2021 00:00,NSW,Black coal,142372.718
07/08/2021 00:00,NSW,Gas,1917.018
07/08/2021 00:00,NSW,Hydro,6096.456
07/08/2021 00:00,NSW,Liquid Fuel,0
07/08/2021 00:00,NSW,Solar,4852.789
07/08/2021 00:00,NSW,Wind,16640.06
07/08/2021 00:00,QLD,Battery,0
07/08/2021 00:00,QLD,Biomass,1934.167
07/08/2021 00:00,QLD,Black coal,122922.913
07/08/2021 00:00,QLD,Gas,14395.533
07/08/2021 00:00,QLD,Hydro,1807.125
07/08/2021 00:00,QLD,Liquid Fuel,0
07/08/2021 00:00,QLD,Solar,10004.598
07/08/2021 00:00,QLD,Wind,5491.4
07/08/2021 00:00,SA,Battery,290.646
07/08/2021 00:00,SA,Gas,23380.366
07/08/2021 00:00,SA,Liquid Fuel,0
07/08/2021 00:00,SA,Solar,1409.205
07/08/2021 00:00,SA,Wind,2820.039
07/08/2021 00:00,TAS,Gas,0
07/08/2021 00:00,TAS,Hydro,36450.42
07/08/2021 00:00,TAS,Wind,7313.098
07/08/2021 00:00,VIC,Battery,69.821
07/08/2021 00:00,VIC,Brown coal,88126.09
07/08/2021 00:00,VIC,Gas,12487.199
07/08/2021 00:00,VIC,Hydro,4485.295
07/08/2021 00:00,VIC,Solar,1570.105
07/08/2021 00:00,VIC,Wind,12528.25
08/08/2021 00:00,NSW,Black coal,150934.973
08/08/2021 00:00,NSW,Gas,972.879
08/08/2021 00:00,NSW,Hydro,3852.476
08/08/2021 00:00,NSW,Liquid Fuel,0
08/08/2021 00:00,NSW,Solar,8013.936
08/08/2021 00:00,NSW,Wind,14079.493
08/08/2021 00:00,QLD,Battery,0
08/08/2021 00:00,QLD,Biomass,1309.542
08/08/2021 00:00,QLD,Black coal,123912.277
08/08/2021 00:00,QLD,Gas,9364.019
08/08/2021 00:00,QLD,Hydro,1798.006
08/08/2021 00:00,QLD,Liquid Fuel,0
08/08/2021 00:00,QLD,Solar,11515.105
08/08/2021 00:00,QLD,Wind,7533.295
08/08/2021 00:00,SA,Battery,255.831
08/08/2021 00:00,SA,Gas,20497.344
08/08/2021 00:00,SA,Liquid Fuel,0
08/08/2021 00:00,SA,Solar,1836.633
08/08/2021 00:00,SA,Wind,9627.024
08/08/2021 00:00,TAS,Gas,0
08/08/2021 00:00,TAS,Hydro,42469.739
08/08/2021 00:00,TAS,Wind,2255.847
08/08/2021 00:00,VIC,Battery,92.04
08/08/2021 00:00,VIC,Brown coal,89570.612
08/08/2021 00:00,VIC,Gas,7683.062
08/08/2021 00:00,VIC,Hydro,6309.777
08/08/2021 00:00,VIC,Solar,2299.648
08/08/2021 00:00,VIC,Wind,1999.387
09/08/2021 00:00,NSW,Black coal,158453.116
09/08/2021 00:00,NSW,Gas,1419.214
09/08/2021 00:00,NSW,Hydro,6283.513
09/08/2021 00:00,NSW,Liquid Fuel,0
09/08/2021 00:00,NSW,Solar,7479.785
09/08/2021 00:00,NSW,Wind,11784.452
09/08/2021 00:00,QLD,Battery,0
09/08/2021 00:00,QLD,Biomass,1648.475
09/08/2021 00:00,QLD,Black coal,127581.163
09/08/2021 00:00,QLD,Gas,12566.984
09/08/2021 00:00,QLD,Hydro,2142.613
09/08/2021 00:00,QLD,Liquid Fuel,0
09/08/2021 00:00,QLD,Solar,7638.277
09/08/2021 00:00,QLD,Wind,9673.266
09/08/2021 00:00,SA,Battery,354.044
09/08/2021 00:00,SA,Gas,14216.476
09/08/2021 00:00,SA,Liquid Fuel,0
09/08/2021 00:00,SA,Solar,2035.112
09/08/2021 00:00,SA,Wind,21064.32
09/08/2021 00:00,TAS,Gas,0
09/08/2021 00:00,TAS,Hydro,41294.012
09/08/2021 00:00,TAS,Wind,3927.285
09/08/2021 00:00,VIC,Battery,61.451
09/08/2021 00:00,VIC,Brown coal,89596.556
09/08/2021 00:00,VIC,Gas,7563.347
09/08/2021 00:00,VIC,Hydro,4365.708
09/08/2021 00:00,VIC,Solar,1867.335
09/08/2021 00:00,VIC,Wind,18087.878
10/08/2021 00:00,NSW,Black coal,136451.636
10/08/2021 00:00,NSW,Gas,4.779
10/08/2021 00:00,NSW,Hydro,5582.947
10/08/2021 00:00,NSW,Liquid Fuel,0
10/08/2021 00:00,NSW,Solar,7608.838
10/08/2021 00:00,NSW,Wind,20517.144
10/08/2021 00:00,QLD,Battery,0
10/08/2021 00:00,QLD,Biomass,2008.767
10/08/2021 00:00,QLD,Black coal,124480.143
10/08/2021 00:00,QLD,Gas,12388.32
10/08/2021 00:00,QLD,Hydro,1924.354
10/08/2021 00:00,QLD,Liquid Fuel,212.453
10/08/2021 00:00,QLD,Solar,8242.978
10/08/2021 00:00,QLD,Wind,9059.028
10/08/2021 00:00,SA,Battery,283.708
10/08/2021 00:00,SA,Gas,8260.563
10/08/2021 00:00,SA,Liquid Fuel,0
10/08/2021 00:00,SA,Solar,1224.424
10/08/2021 00:00,SA,Wind,30031.252
10/08/2021 00:00,TAS,Gas,0
10/08/2021 00:00,TAS,Hydro,26073.16
10/08/2021 00:00,TAS,Wind,8623.653
10/08/2021 00:00,VIC,Battery,46.008
10/08/2021 00:00,VIC,Brown coal,80307.572
10/08/2021 00:00,VIC,Gas,637.873
10/08/2021 00:00,VIC,Hydro,1130.693
10/08/2021 00:00,VIC,Solar,2511.456
10/08/2021 00:00,VIC,Wind,49193.892
11/08/2021 00:00,NSW,Black coal,127764.761
11/08/2021 00:00,NSW,Gas,3.294
11/08/2021 00:00,NSW,Hydro,2960.263
11/08/2021 00:00,NSW,Liquid Fuel,0
11/08/2021 00:00,NSW,Solar,6746.831
11/08/2021 00:00,NSW,Wind,28285.079
11/08/2021 00:00,QLD,Battery,0
11/08/2021 00:00,QLD,Biomass,1719.767
11/08/2021 00:00,QLD,Black coal,123753.991
11/08/2021 00:00,QLD,Gas,13107.391
11/08/2021 00:00,QLD,Hydro,1152.804
11/08/2021 00:00,QLD,Liquid Fuel,0
11/08/2021 00:00,QLD,Solar,6540.044
11/08/2021 00:00,QLD,Wind,7456.621
11/08/2021 00:00,SA,Battery,279.296
11/08/2021 00:00,SA,Gas,9278.215
11/08/2021 00:00,SA,Liquid Fuel,0
11/08/2021 00:00,SA,Solar,556.402
11/08/2021 00:00,SA,Wind,30777.242
11/08/2021 00:00,TAS,Gas,0
11/08/2021 00:00,TAS,Hydro,27636.422
11/08/2021 00:00,TAS,Wind,9734.916
11/08/2021 00:00,VIC,Battery,91.39
11/08/2021 00:00,VIC,Brown coal,85160.652
11/08/2021 00:00,VIC,Gas,1855.861
11/08/2021 00:00,VIC,Hydro,3537.784
11/08/2021 00:00,VIC,Solar,1587.588
11/08/2021 00:00,VIC,Wind,45370.447
12/08/2021 00:00,NSW,Black coal,135773.754
12/08/2021 00:00,NSW,Gas,476.692
12/08/2021 00:00,NSW,Hydro,3891.484
12/08/2021 00:00,NSW,Liquid Fuel,0
12/08/2021 00:00,NSW,Solar,8036.572
12/08/2021 00:00,NSW,Wind,16055.297
12/08/2021 00:00,QLD,Battery,0.37
12/08/2021 00:00,QLD,Biomass,1866.417
12/08/2021 00:00,QLD,Black coal,123192.817
12/08/2021 00:00,QLD,Gas,12734.533
12/08/2021 00:00,QLD,Hydro,1212.803
12/08/2021 00:00,QLD,Liquid Fuel,0
12/08/2021 00:00,QLD,Solar,9462.638
12/08/2021 00:00,QLD,Wind,5192.332
12/08/2021 00:00,SA,Battery,341.655
12/08/2021 00:00,SA,Gas,15476.391
12/08/2021 00:00,SA,Liquid Fuel,47.542
12/08/2021 00:00,SA,Solar,1913.156
12/08/2021 00:00,SA,Wind,12265.63
12/08/2021 00:00,TAS,Gas,0
12/08/2021 00:00,TAS,Hydro,33978.455
12/08/2021 00:00,TAS,Wind,9394.563
12/08/2021 00:00,VIC,Battery,45.092
12/08/2021 00:00,VIC,Brown coal,92830.342
12/08/2021 00:00,VIC,Gas,6601.178
12/08/2021 00:00,VIC,Hydro,6590.368
12/08/2021 00:00,VIC,Solar,2386.344
12/08/2021 00:00,VIC,Wind,27528.375
13/08/2021 00:00,NSW,Black coal,143142.517
13/08/2021 00:00,NSW,Gas,2287.963
13/08/2021 00:00,NSW,Hydro,3345.026
13/08/2021 00:00,NSW,Liquid Fuel,0
13/08/2021 00:00,NSW,Solar,9309.026
13/08/2021 00:00,NSW,Wind,9381.726
13/08/2021 00:00,QLD,Battery,1.042
13/08/2021 00:00,QLD,Biomass,1527.392
13/08/2021 00:00,QLD,Black coal,123192.893
13/08/2021 00:00,QLD,Gas,13094.349
13/08/2021 00:00,QLD,Hydro,2441.146
13/08/2021 00:00,QLD,Liquid Fuel,0
13/08/2021 00:00,QLD,Solar,8845.021
13/08/2021 00:00,QLD,Wind,5366.202
13/08/2021 00:00,SA,Battery,307.683
13/08/2021 00:00,SA,Gas,18459.863
13/08/2021 00:00,SA,Liquid Fuel,0
13/08/2021 00:00,SA,Solar,1956.343
13/08/2021 00:00,SA,Wind,4444.654
13/08/2021 00:00,TAS,Gas,0
13/08/2021 00:00,TAS,Hydro,31938.028
13/08/2021 00:00,TAS,Wind,9905.826
13/08/2021 00:00,VIC,Battery,126.462
13/08/2021 00:00,VIC,Brown coal,94824.967
13/08/2021 00:00,VIC,Gas,7694.175
13/08/2021 00:00,VIC,Hydro,7752.415
13/08/2021 00:00,VIC,Solar,4082.66
13/08/2021 00:00,VIC,Wind,26660.095
14/08/2021 00:00,NSW,Black coal,135923.934
14/08/2021 00:00,NSW,Gas,2384.787
14/08/2021 00:00,NSW,Hydro,4017.745
14/08/2021 00:00,NSW,Liquid Fuel,0
14/08/2021 00:00,NSW,Solar,11397.75
14/08/2021 00:00,NSW,Wind,3129.75
14/08/2021 00:00,QLD,Battery,0.48
14/08/2021 00:00,QLD,Biomass,1996.683
14/08/2021 00:00,QLD,Black coal,119346.471
14/08/2021 00:00,QLD,Gas,13660.478
14/08/2021 00:00,QLD,Hydro,1998.08
14/08/2021 00:00,QLD,Liquid Fuel,0
14/08/2021 00:00,QLD,Solar,7525.962
14/08/2021 00:00,QLD,Wind,4953.957
14/08/2021 00:00,SA,Battery,230.703
14/08/2021 00:00,SA,Gas,15134.879
14/08/2021 00:00,SA,Liquid Fuel,0
14/08/2021 00:00,SA,Solar,2162.214
14/08/2021 00:00,SA,Wind,5101.228
14/08/2021 00:00,TAS,Gas,0
14/08/2021 00:00,TAS,Hydro,31115.318
14/08/2021 00:00,TAS,Wind,8354.829
14/08/2021 00:00,VIC,Battery,114.873
14/08/2021 00:00,VIC,Brown coal,92172.72
14/08/2021 00:00,VIC,Gas,6120.929
14/08/2021 00:00,VIC,Hydro,5785.409
14/08/2021 00:00,VIC,Solar,3675.237
14/08/2021 00:00,VIC,Wind,22238.022
15/08/2021 00:00,NSW,Black coal,126825.075
15/08/2021 00:00,NSW,Gas,3.909
15/08/2021 00:00,NSW,Hydro,2826.895
15/08/2021 00:00,NSW,Liquid Fuel,0
15/08/2021 00:00,NSW,Solar,7452.109
15/08/2021 00:00,NSW,Wind,14600.454
15/08/2021 00:00,QLD,Battery,0.296
15/08/2021 00:00,QLD,Biomass,1884.875
15/08/2021 00:00,QLD,Black coal,115761.305
15/08/2021 00:00,QLD,Gas,9161.279
15/08/2021 00:00,QLD,Hydro,1367.845
15/08/2021 00:00,QLD,Liquid Fuel,0
15/08/2021 00:00,QLD,Solar,5046.343
15/08/2021 00:00,QLD,Wind,3844.08
15/08/2021 00:00,SA,Battery,313.864
15/08/2021 00:00,SA,Gas,10676.993
15/08/2021 00:00,SA,Liquid Fuel,0
15/08/2021 00:00,SA,Solar,1748.864
15/08/2021 00:00,SA,Wind,10543.707
15/08/2021 00:00,TAS,Gas,0
15/08/2021 00:00,TAS,Hydro,26504.96
15/08/2021 00:00,TAS,Wind,9439.177
15/08/2021 00:00,VIC,Battery,96.325
15/08/2021 00:00,VIC,Brown coal,82929.156
15/08/2021 00:00,VIC,Gas,1113.438
15/08/2021 00:00,VIC,Hydro,1493.601
15/08/2021 00:00,VIC,Solar,2108.292
15/08/2021 00:00,VIC,Wind,43985.799
16/08/2021 00:00,NSW,Black coal,134051.065
16/08/2021 00:00,NSW,Gas,2.166
16/08/2021 00:00,NSW,Hydro,3342.152
16/08/2021 00:00,NSW,Liquid Fuel,0
16/08/2021 00:00,NSW,Solar,9813.14
16/08/2021 00:00,NSW,Wind,27393.371
16/08/2021 00:00,QLD,Battery,0.061
16/08/2021 00:00,QLD,Biomass,1836.225
16/08/2021 00:00,QLD,Black coal,119769.664
16/08/2021 00:00,QLD,Gas,13439.327
16/08/2021 00:00,QLD,Hydro,1031.556
16/08/2021 00:00,QLD,Liquid Fuel,0
16/08/2021 00:00,QLD,Solar,6808.423
16/08/2021 00:00,QLD,Wind,6189.871
16/08/2021 00:00,SA,Battery,269.467
16/08/2021 00:00,SA,Gas,13280.382
16/08/2021 00:00,SA,Liquid Fuel,0
16/08/2021 00:00,SA,Solar,1890.797
16/08/2021 00:00,SA,Wind,12958.081
16/08/2021 00:00,TAS,Gas,0
16/08/2021 00:00,TAS,Hydro,33740.359
16/08/2021 00:00,TAS,Wind,7557.216
16/08/2021 00:00,VIC,Battery,86.542
16/08/2021 00:00,VIC,Brown coal,89756.403
16/08/2021 00:00,VIC,Gas,116.695
16/08/2021 00:00,VIC,Hydro,5033.938
16/08/2021 00:00,VIC,Solar,2941.509
16/08/2021 00:00,VIC,Wind,42282.508
17/08/2021 00:00,NSW,Black coal,147058.094
17/08/2021 00:00,NSW,Gas,1038.185
17/08/2021 00:00,NSW,Hydro,3743.621
17/08/2021 00:00,NSW,Liquid Fuel,0
17/08/2021 00:00,NSW,Solar,10155.131
17/08/2021 00:00,NSW,Wind,14360.932
17/08/2021 00:00,QLD,Battery,0.193
17/08/2021 00:00,QLD,Biomass,1435.825
17/08/2021 00:00,QLD,Black coal,117306.516
17/08/2021 00:00,QLD,Gas,15664.84
17/08/2021 00:00,QLD,Hydro,821.53
17/08/2021 00:00,QLD,Liquid Fuel,0
17/08/2021 00:00,QLD,Solar,7128.196
17/08/2021 00:00,QLD,Wind,8107.742
17/08/2021 00:00,SA,Battery,250.944
17/08/2021 00:00,SA,Gas,23786.332
17/08/2021 00:00,SA,Liquid Fuel,0
17/08/2021 00:00,SA,Solar,1817.347
17/08/2021 00:00,SA,Wind,2522.916
17/08/2021 00:00,TAS,Gas,0
17/08/2021 00:00,TAS,Hydro,40957.28
17/08/2021 00:00,TAS,Wind,3871.995
17/08/2021 00:00,VIC,Battery,95.963
17/08/2021 00:00,VIC,Brown coal,98172.365
17/08/2021 00:00,VIC,Gas,7165.497
17/08/2021 00:00,VIC,Hydro,9999.123
17/08/2021 00:00,VIC,Solar,2998.651
17/08/2021 00:00,VIC,Wind,16804.427
18/08/2021 00:00,NSW,Black coal,152607.073
18/08/2021 00:00,NSW,Gas,904.603
18/08/2021 00:00,NSW,Hydro,3926.271
18/08/2021 00:00,NSW,Liquid Fuel,0
18/08/2021 00:00,NSW,Solar,12031.2
18/08/2021 00:00,NSW,Wind,7345.183
18/08/2021 00:00,QLD,Battery,0.695
18/08/2021 00:00,QLD,Biomass,1744.067
18/08/2021 00:00,QLD,Black coal,125482.21
18/08/2021 00:00,QLD,Gas,17897.357
18/08/2021 00:00,QLD,Hydro,1075.238
18/08/2021 00:00,QLD,Liquid Fuel,0
18/08/2021 00:00,QLD,Solar,10432.594
18/08/2021 00:00,QLD,Wind,7646.125
18/08/2021 00:00,SA,Battery,273.675
18/08/2021 00:00,SA,Gas,26183.086
18/08/2021 00:00,SA,Liquid Fuel,0.917
18/08/2021 00:00,SA,Solar,1174.929
18/08/2021 00:00,SA,Wind,4877.919
18/08/2021 00:00,TAS,Gas,0
18/08/2021 00:00,TAS,Hydro,39723.007
18/08/2021 00:00,TAS,Wind,5214.171
18/08/2021 00:00,VIC,Battery,85.339
18/08/2021 00:00,VIC,Brown coal,96040.267
18/08/2021 00:00,VIC,Gas,9095.416
18/08/2021 00:00,VIC,Hydro,10900.852
18/08/2021 00:00,VIC,Solar,3763.838
18/08/2021 00:00,VIC,Wind,6135.029
19/08/2021 00:00,NSW,Black coal,147537.339
19/08/2021 00:00,NSW,Gas,993.835
19/08/2021 00:00,NSW,Hydro,5258.381
19/08/2021 00:00,NSW,Liquid Fuel,0
19/08/2021 00:00,NSW,Solar,8470.822
19/08/2021 00:00,NSW,Wind,4874.208
19/08/2021 00:00,QLD,Battery,1.233
19/08/2021 00:00,QLD,Biomass,1548.058
19/08/2021 00:00,QLD,Black coal,122211.442
19/08/2021 00:00,QLD,Gas,14337.841
19/08/2021 00:00,QLD,Hydro,1122.317
19/08/2021 00:00,QLD,Liquid Fuel,0
19/08/2021 00:00,QLD,Solar,6612.527
19/08/2021 00:00,QLD,Wind,7486.44
19/08/2021 00:00,SA,Battery,198.864
19/08/2021 00:00,SA,Gas,15018.962
19/08/2021 00:00,SA,Liquid Fuel,1.9
19/08/2021 00:00,SA,Solar,1651.907
19/08/2021 00:00,SA,Wind,22847.361
19/08/2021 00:00,TAS,Gas,0
19/08/2021 00:00,TAS,Hydro,36079.275
19/08/2021 00:00,TAS,Wind,2711.548
19/08/2021 00:00,VIC,Battery,118.48
19/08/2021 00:00,VIC,Brown coal,93478.217
19/08/2021 00:00,VIC,Gas,1649.958
19/08/2021 00:00,VIC,Hydro,4729.833
19/08/2021 00:00,VIC,Solar,3124.486
19/08/2021 00:00,VIC,Wind,26380.269
20/08/2021 00:00,NSW,Black coal,136300.649
20/08/2021 00:00,NSW,Gas,373.113
20/08/2021 00:00,NSW,Hydro,3962.129
20/08/2021 00:00,NSW,Liquid Fuel,0
20/08/2021 00:00,NSW,Solar,7729.918
20/08/2021 00:00,NSW,Wind,13443.077
20/08/2021 00:00,QLD,Battery,0.158
20/08/2021 00:00,QLD,Biomass,2019.633
20/08/2021 00:00,QLD,Black coal,121961.849
20/08/2021 00:00,QLD,Gas,10557.753
20/08/2021 00:00,QLD,Hydro,1800.732
20/08/2021 00:00,QLD,Liquid Fuel,0
20/08/2021 00:00,QLD,Solar,8486.807
20/08/2021 00:00,QLD,Wind,5251.908
20/08/2021 00:00,SA,Battery,362.537
20/08/2021 00:00,SA,Gas,11540.841
20/08/2021 00:00,SA,Liquid Fuel,0
20/08/2021 00:00,SA,Solar,436.242
20/08/2021 00:00,SA,Wind,25962.015
20/08/2021 00:00,TAS,Gas,0
20/08/2021 00:00,TAS,Hydro,29522.544
20/08/2021 00:00,TAS,Wind,6710.547
20/08/2021 00:00,VIC,Battery,86.283
20/08/2021 00:00,VIC,Brown coal,89144.275
20/08/2021 00:00,VIC,Gas,1767.717
20/08/2021 00:00,VIC,Hydro,5221.539
20/08/2021 00:00,VIC,Solar,1454.228
20/08/2021 00:00,VIC,Wind,42940.043
21/08/2021 00:00,NSW,Black coal,122187.488
21/08/2021 00:00,NSW,Gas,920.922
21/08/2021 00:00,NSW,Hydro,2953.966
21/08/2021 00:00,NSW,Liquid Fuel,0
21/08/2021 00:00,NSW,Solar,10201.937
21/08/2021 00:00,NSW,Wind,16671.457
21/08/2021 00:00,QLD,Battery,0
21/08/2021 00:00,QLD,Biomass,2059.2
21/08/2021 00:00,QLD,Black coal,116926.437
21/08/2021 00:00,QLD,Gas,8925.296
21/08/2021 00:00,QLD,Hydro,1794.155
21/08/2021 00:00,QLD,Liquid Fuel,0
21/08/2021 00:00,QLD,Solar,8177.164
21/08/2021 00:00,QLD,Wind,4348.421
21/08/2021 00:00,SA,Battery,208.409
21/08/2021 00:00,SA,Gas,13355.255
21/08/2021 00:00,SA,Liquid Fuel,0
21/08/2021 00:00,SA,Solar,2072.218
21/08/2021 00:00,SA,Wind,7061.882
21/08/2021 00:00,TAS,Gas,0
21/08/2021 00:00,TAS,Hydro,27797.066
21/08/2021 00:00,TAS,Wind,9191.773
21/08/2021 00:00,VIC,Battery,100.251
21/08/2021 00:00,VIC,Brown coal,86977.29
21/08/2021 00:00,VIC,Gas,1586.35
21/08/2021 00:00,VIC,Hydro,3933.55
21/08/2021 00:00,VIC,Solar,4201.292
21/08/2021 00:00,VIC,Wind,28673.734
22/08/2021 00:00,NSW,Black coal,112218.606
22/08/2021 00:00,NSW,Gas,269.754
22/08/2021 00:00,NSW,Hydro,3143.763
22/08/2021 00:00,NSW,Liquid Fuel,0
22/08/2021 00:00,NSW,Solar,9714.436
22/08/2021 00:00,NSW,Wind,14624.246
22/08/2021 00:00,QLD,Battery,0
22/08/2021 00:00,QLD,Biomass,1758.933
22/08/2021 00:00,QLD,Black coal,114283.705
22/08/2021 00:00,QLD,Gas,6995.282
22/08/2021 00:00,QLD,Hydro,1761.714
22/08/2021 00:00,QLD,Liquid Fuel,0
22/08/2021 00:00,QLD,Solar,6936.126
22/08/2021 00:00,QLD,Wind,4902.752
22/08/2021 00:00,SA,Battery,235.102
22/08/2021 00:00,SA,Gas,6974.798
22/08/2021 00:00,SA,Liquid Fuel,0
22/08/2021 00:00,SA,Solar,740.903
22/08/2021 00:00,SA,Wind,19391.314
22/08/2021 00:00,TAS,Gas,0
22/08/2021 00:00,TAS,Hydro,24546.282
22/08/2021 00:00,TAS,Wind,8646.782
22/08/2021 00:00,VIC,Battery,59.707
22/08/2021 00:00,VIC,Brown coal,75930.473
22/08/2021 00:00,VIC,Gas,9.6
22/08/2021 00:00,VIC,Hydro,845.204
22/08/2021 00:00,VIC,Solar,3088.209
22/08/2021 00:00,VIC,Wind,41165.547
23/08/2021 00:00,NSW,Black coal,132129.146
23/08/2021 00:00,NSW,Gas,456.406
23/08/2021 00:00,NSW,Hydro,3074.81
23/08/2021 00:00,NSW,Liquid Fuel,0
23/08/2021 00:00,NSW,Solar,3763.131
23/08/2021 00:00,NSW,Wind,25572.258
23/08/2021 00:00,QLD,Battery,0.01
23/08/2021 00:00,QLD,Biomass,1821.942
23/08/2021 00:00,QLD,Black coal,114798.23
23/08/2021 00:00,QLD,Gas,10642.765
23/08/2021 00:00,QLD,Hydro,1261.97
23/08/2021 00:00,QLD,Liquid Fuel,33.867
23/08/2021 00:00,QLD,Solar,9080.753
23/08/2021 00:00,QLD,Wind,8177.312
23/08/2021 00:00,SA,Battery,343.59
23/08/2021 00:00,SA,Gas,10278.02
23/08/2021 00:00,SA,Liquid Fuel,0.892
23/08/2021 00:00,SA,Solar,982.898
23/08/2021 00:00,SA,Wind,27626.683
23/08/2021 00:00,TAS,Gas,0
23/08/2021 00:00,TAS,Hydro,34421.413
23/08/2021 00:00,TAS,Wind,6144.188
23/08/2021 00:00,VIC,Battery,123.839
23/08/2021 00:00,VIC,Brown coal,89686.31
23/08/2021 00:00,VIC,Gas,131.825
23/08/2021 00:00,VIC,Hydro,5073.402
23/08/2021 00:00,VIC,Solar,963.63
23/08/2021 00:00,VIC,Wind,30627.658
24/08/2021 00:00,NSW,Black coal,152917.389
24/08/2021 00:00,NSW,Gas,6411.748
24/08/2021 00:00,NSW,Hydro,8667.789
24/08/2021 00:00,NSW,Liquid Fuel,0
24/08/2021 00:00,NSW,Solar,5649.514
24/08/2021 00:00,NSW,Wind,27811.827
24/08/2021 00:00,QLD,Battery,0.04
24/08/2021 00:00,QLD,Biomass,1758.042
24/08/2021 00:00,QLD,Black coal,121125.902
24/08/2021 00:00,QLD,Gas,13472.598
24/08/2021 00:00,QLD,Hydro,1791.074
24/08/2021 00:00,QLD,Liquid Fuel,705.524
24/08/2021 00:00,QLD,Solar,9540.689
24/08/2021 00:00,QLD,Wind,8716.956
24/08/2021 00:00,SA,Battery,306.214
24/08/2021 00:00,SA,Gas,20382.937
24/08/2021 00:00,SA,Liquid Fuel,0
24/08/2021 00:00,SA,Solar,1894.091
24/08/2021 00:00,SA,Wind,11397.669
24/08/2021 00:00,TAS,Gas,0
24/08/2021 00:00,TAS,Hydro,39740.579
24/08/2021 00:00,TAS,Wind,1584.171
24/08/2021 00:00,VIC,Battery,59.379
24/08/2021 00:00,VIC,Brown coal,93642.084
24/08/2021 00:00,VIC,Gas,4675.442
24/08/2021 00:00,VIC,Hydro,6303.925
24/08/2021 00:00,VIC,Solar,3208.191
24/08/2021 00:00,VIC,Wind,27139.896
25/08/2021 00:00,NSW,Black coal,147118.825
25/08/2021 00:00,NSW,Gas,5877.606
25/08/2021 00:00,NSW,Hydro,6636.871
25/08/2021 00:00,NSW,Liquid Fuel,0
25/08/2021 00:00,NSW,Solar,10574.534
25/08/2021 00:00,NSW,Wind,19104.111
25/08/2021 00:00,QLD,Battery,0.005
25/08/2021 00:00,QLD,Biomass,1803.808
25/08/2021 00:00,QLD,Black coal,118784.775
25/08/2021 00:00,QLD,Gas,13488.904
25/08/2021 00:00,QLD,Hydro,1661.537
25/08/2021 00:00,QLD,Liquid Fuel,107.834
25/08/2021 00:00,QLD,Solar,7229.303
25/08/2021 00:00,QLD,Wind,6387.168
25/08/2021 00:00,SA,Battery,288.96
25/08/2021 00:00,SA,Gas,23474.08
25/08/2021 00:00,SA,Liquid Fuel,17.667
25/08/2021 00:00,SA,Solar,1915.383
25/08/2021 00:00,SA,Wind,5005.13
25/08/2021 00:00,TAS,Gas,0
25/08/2021 00:00,TAS,Hydro,40265.383
25/08/2021 00:00,TAS,Wind,5117.309
25/08/2021 00:00,VIC,Battery,55.808
25/08/2021 00:00,VIC,Brown coal,95312.742
25/08/2021 00:00,VIC,Gas,4130.913
25/08/2021 00:00,VIC,Hydro,8755.34
25/08/2021 00:00,VIC,Solar,4798.044
25/08/2021 00:00,VIC,Wind,29539.576
26/08/2021 00:00,NSW,Black coal,148063.59
26/08/2021 00:00,NSW,Gas,7622.948
26/08/2021 00:00,NSW,Hydro,6435.811
26/08/2021 00:00,NSW,Liquid Fuel,0
26/08/2021 00:00,NSW,Solar,12274.115
26/08/2021 00:00,NSW,Wind,4523.154
26/08/2021 00:00,QLD,Battery,0.093
26/08/2021 00:00,QLD,Biomass,2184.675
26/08/2021 00:00,QLD,Black coal,123601.416
26/08/2021 00:00,QLD,Gas,18674.981
26/08/2021 00:00,QLD,Hydro,2225.952
26/08/2021 00:00,QLD,Liquid Fuel,0
26/08/2021 00:00,QLD,Solar,9718.536
26/08/2021 00:00,QLD,Wind,4010.347
26/08/2021 00:00,SA,Battery,314.51
26/08/2021 00:00,SA,Gas,24701.498
26/08/2021 00:00,SA,Liquid Fuel,119.502
26/08/2021 00:00,SA,Solar,2195.365
26/08/2021 00:00,SA,Wind,4909.505
26/08/2021 00:00,TAS,Gas,0
26/08/2021 00:00,TAS,Hydro,41912.816
26/08/2021 00:00,TAS,Wind,2115.239
26/08/2021 00:00,VIC,Battery,60.394
26/08/2021 00:00,VIC,Brown coal,92857.614
26/08/2021 00:00,VIC,Gas,12625.756
26/08/2021 00:00,VIC,Hydro,11112.636
26/08/2021 00:00,VIC,Solar,5193.187
26/08/2021 00:00,VIC,Wind,13986.253
27/08/2021 00:00,NSW,Black coal,155519.061
27/08/2021 00:00,NSW,Gas,5375.098
27/08/2021 00:00,NSW,Hydro,4458.971
27/08/2021 00:00,NSW,Liquid Fuel,0
27/08/2021 00:00,NSW,Solar,10289.93
27/08/2021 00:00,NSW,Wind,12569.332
27/08/2021 00:00,QLD,Battery,0.113
27/08/2021 00:00,QLD,Biomass,2174.567
27/08/2021 00:00,QLD,Black coal,122147.848
27/08/2021 00:00,QLD,Gas,18051.642
27/08/2021 00:00,QLD,Hydro,1967.411
27/08/2021 00:00,QLD,Liquid Fuel,46.415
27/08/2021 00:00,QLD,Solar,11153.992
27/08/2021 00:00,QLD,Wind,2717.344
27/08/2021 00:00,SA,Battery,283.897
27/08/2021 00:00,SA,Gas,21680.622
27/08/2021 00:00,SA,Liquid Fuel,0
27/08/2021 00:00,SA,Solar,1896.686
27/08/2021 00:00,SA,Wind,17709.917
27/08/2021 00:00,TAS,Gas,0
27/08/2021 00:00,TAS,Hydro,43108.153
27/08/2021 00:00,TAS,Wind,1619.765
27/08/2021 00:00,VIC,Battery,62.806
27/08/2021 00:00,VIC,Brown coal,87766.086
27/08/2021 00:00,VIC,Gas,8148.318
27/08/2021 00:00,VIC,Hydro,11630.198
27/08/2021 00:00,VIC,Solar,4568.02
27/08/2021 00:00,VIC,Wind,2907.901
28/08/2021 00:00,NSW,Black coal,145928.615
28/08/2021 00:00,NSW,Gas,4767.542
28/08/2021 00:00,NSW,Hydro,2659.955
28/08/2021 00:00,NSW,Liquid Fuel,0
28/08/2021 00:00,NSW,Solar,11666.824
28/08/2021 00:00,NSW,Wind,13091.804
28/08/2021 00:00,QLD,Battery,0.118
28/08/2021 00:00,QLD,Biomass,2079.783
28/08/2021 00:00,QLD,Black coal,118836.654
28/08/2021 00:00,QLD,Gas,9957.232
28/08/2021 00:00,QLD,Hydro,1573.455
28/08/2021 00:00,QLD,Liquid Fuel,0
28/08/2021 00:00,QLD,Solar,7792.284
28/08/2021 00:00,QLD,Wind,1827.658
28/08/2021 00:00,SA,Battery,279.281
28/08/2021 00:00,SA,Gas,13801.993
28/08/2021 00:00,SA,Liquid Fuel,0
28/08/2021 00:00,SA,Solar,1393.445
28/08/2021 00:00,SA,Wind,22280.318
28/08/2021 00:00,TAS,Gas,0
28/08/2021 00:00,TAS,Hydro,35886.54
28/08/2021 00:00,TAS,Wind,1893.146
28/08/2021 00:00,VIC,Battery,55.867
28/08/2021 00:00,VIC,Brown coal,61675.763
28/08/2021 00:00,VIC,Gas,637.669
28/08/2021 00:00,VIC,Hydro,5045.712
28/08/2021 00:00,VIC,Solar,4105.63
28/08/2021 00:00,VIC,Wind,34711.344
29/08/2021 00:00,NSW,Black coal,153507.327
29/08/2021 00:00,NSW,Gas,4853.372
29/08/2021 00:00,NSW,Hydro,2657.594
29/08/2021 00:00,NSW,Liquid Fuel,0
29/08/2021 00:00,NSW,Solar,10066.792
29/08/2021 00:00,NSW,Wind,11726.151
29/08/2021 00:00,QLD,Battery,0.058
29/08/2021 00:00,QLD,Biomass,2099.217
29/08/2021 00:00,QLD,Black coal,123042.08
29/08/2021 00:00,QLD,Gas,7786.06
29/08/2021 00:00,QLD,Hydro,1269.662
29/08/2021 00:00,QLD,Liquid Fuel,0
29/08/2021 00:00,QLD,Solar,8629.435
29/08/2021 00:00,QLD,Wind,3215.881
29/08/2021 00:00,SA,Battery,280.18
29/08/2021 00:00,SA,Gas,18916.894
29/08/2021 00:00,SA,Liquid Fuel,0
29/08/2021 00:00,SA,Solar,1431.006
29/08/2021 00:00,SA,Wind,13911.421
29/08/2021 00:00,TAS,Gas,0
29/08/2021 00:00,TAS,Hydro,40346.71
29/08/2021 00:00,TAS,Wind,2981.036
29/08/2021 00:00,VIC,Battery,68.755
29/08/2021 00:00,VIC,Brown coal,69039.601
29/08/2021 00:00,VIC,Gas,5822.174
29/08/2021 00:00,VIC,Hydro,8737.429
29/08/2021 00:00,VIC,Solar,4156.911
29/08/2021 00:00,VIC,Wind,11454.075
30/08/2021 00:00,NSW,Black coal,158608.654
30/08/2021 00:00,NSW,Gas,3769.641
30/08/2021 00:00,NSW,Hydro,2949.024
30/08/2021 00:00,NSW,Liquid Fuel,0
30/08/2021 00:00,NSW,Solar,9519.111
30/08/2021 00:00,NSW,Wind,7982.106
30/08/2021 00:00,QLD,Battery,0
30/08/2021 00:00,QLD,Biomass,1992.767
30/08/2021 00:00,QLD,Black coal,119198.169
30/08/2021 00:00,QLD,Gas,10651.98
30/08/2021 00:00,QLD,Hydro,1655.917
30/08/2021 00:00,QLD,Liquid Fuel,129.924
30/08/2021 00:00,QLD,Solar,8269.984
30/08/2021 00:00,QLD,Wind,2744.053
30/08/2021 00:00,SA,Battery,250.952
30/08/2021 00:00,SA,Gas,13827.858
30/08/2021 00:00,SA,Liquid Fuel,0
30/08/2021 00:00,SA,Solar,2157.553
30/08/2021 00:00,SA,Wind,18437.73
30/08/2021 00:00,TAS,Gas,0
30/08/2021 00:00,TAS,Hydro,32471.719
30/08/2021 00:00,TAS,Wind,5655.072
30/08/2021 00:00,VIC,Battery,71.256
30/08/2021 00:00,VIC,Brown coal,70917.58
30/08/2021 00:00,VIC,Gas,1508.798
30/08/2021 00:00,VIC,Hydro,5437.518
30/08/2021 00:00,VIC,Solar,3568.879
30/08/2021 00:00,VIC,Wind,39395.728
31/08/2021 00:00,NSW,Black coal,145384.174
31/08/2021 00:00,NSW,Gas,2264.258
31/08/2021 00:00,NSW,Hydro,3280.828
31/08/2021 00:00,NSW,Liquid Fuel,0
31/08/2021 00:00,NSW,Solar,11619.878
31/08/2021 00:00,NSW,Wind,11445.104
31/08/2021 00:00,QLD,Battery,0
31/08/2021 00:00,QLD,Biomass,1314.342
31/08/2021 00:00,QLD,Black coal,122369.253
31/08/2021 00:00,QLD,Gas,12905.205
31/08/2021 00:00,QLD,Hydro,1534.3
31/08/2021 00:00,QLD,Liquid Fuel,0
31/08/2021 00:00,QLD,Solar,4735.715
31/08/2021 00:00,QLD,Wind,4731.071
31/08/2021 00:00,SA,Battery,304.164
31/08/2021 00:00,SA,Gas,11274.585
31/08/2021 00:00,SA,Liquid Fuel,0
31/08/2021 00:00,SA,Solar,1287.968
31/08/2021 00:00,SA,Wind,19799.381
31/08/2021 00:00,TAS,Gas,0
31/08/2021 00:00,TAS,Hydro,25220.449
31/08/2021 00:00,TAS,Wind,9757.507
31/08/2021 00:00,VIC,Battery,60.829
31/08/2021 00:00,VIC,Brown coal,71306.375
31/08/2021 00:00,VIC,Gas,621.281
31/08/2021 00:00,VIC,Hydro,5031.318
31/08/2021 00:00,VIC,Solar,4688.903
31/08/2021 00:00,VIC,Wind,44864.712
01/09/2021 00:00,NSW,Black coal,139276.698
01/09/2021 00:00,NSW,Gas,2222.877
01/09/2021 00:00,NSW,Hydro,1835.666
01/09/2021 00:00,NSW,Liquid Fuel,0
01/09/2021 00:00,NSW,Solar,12454.921
01/09/2021 00:00,NSW,Wind,9363.234
01/09/2021 00:00,QLD,Battery,0.026
01/09/2021 00:00,QLD,Biomass,882.767
01/09/2021 00:00,QLD,Black coal,119811.387
01/09/2021 00:00,QLD,Gas,9819.254
01/09/2021 00:00,QLD,Hydro,1829.799
01/09/2021 00:00,QLD,Liquid Fuel,0
01/09/2021 00:00,QLD,Solar,8791.747
01/09/2021 00:00,QLD,Wind,5384.944
01/09/2021 00:00,SA,Battery,236.852
01/09/2021 00:00,SA,Gas,12573.623
01/09/2021 00:00,SA,Liquid Fuel,0.825
01/09/2021 00:00,SA,Solar,1890.209
01/09/2021 00:00,SA,Wind,17311.507
01/09/2021 00:00,TAS,Gas,0
01/09/2021 00:00,TAS,Hydro,28387.86
01/09/2021 00:00,TAS,Wind,5836.693
01/09/2021 00:00,VIC,Battery,15.072
01/09/2021 00:00,VIC,Brown coal,79205.272
01/09/2021 00:00,VIC,Gas,0
01/09/2021 00:00,VIC,Hydro,3615.123
01/09/2021 00:00,VIC,Solar,5697.887
01/09/2021 00:00,VIC,Wind,23651.217
02/09/2021 00:00,NSW,Black coal,127268.88
02/09/2021 00:00,NSW,Gas,3.131
02/09/2021 00:00,NSW,Hydro,3252.781
02/09/2021 00:00,NSW,Liquid Fuel,0
02/09/2021 00:00,NSW,Solar,11807.337
02/09/2021 00:00,NSW,Wind,20609.856
02/09/2021 00:00,QLD,Battery,0.063
02/09/2021 00:00,QLD,Biomass,848.892
02/09/2021 00:00,QLD,Black coal,118942.383
02/09/2021 00:00,QLD,Gas,7292.857
02/09/2021 00:00,QLD,Hydro,2042.125
02/09/2021 00:00,QLD,Liquid Fuel,240.042
02/09/2021 00:00,QLD,Solar,8839.979
02/09/2021 00:00,QLD,Wind,9323.131
02/09/2021 00:00,SA,Battery,173.156
02/09/2021 00:00,SA,Gas,8768.858
02/09/2021 00:00,SA,Liquid Fuel,0
02/09/2021 00:00,SA,Solar,1072.517
02/09/2021 00:00,SA,Wind,26492.382
02/09/2021 00:00,TAS,Gas,0
02/09/2021 00:00,TAS,Hydro,15956.319
02/09/2021 00:00,TAS,Wind,8995.817
02/09/2021 00:00,VIC,Battery,40.33
02/09/2021 00:00,VIC,Brown coal,62058.649
02/09/2021 00:00,VIC,Gas,0
02/09/2021 00:00,VIC,Hydro,626.761
02/09/2021 00:00,VIC,Solar,4287.029
02/09/2021 00:00,VIC,Wind,49167.569
03/09/2021 00:00,NSW,Black coal,128064.449
03/09/2021 00:00,NSW,Gas,2709.008
03/09/2021 00:00,NSW,Hydro,2254.515
03/09/2021 00:00,NSW,Liquid Fuel,0
03/09/2021 00:00,NSW,Solar,9972.616
03/09/2021 00:00,NSW,Wind,21791.872
03/09/2021 00:00,QLD,Battery,0.059
03/09/2021 00:00,QLD,Biomass,950.208
03/09/2021 00:00,QLD,Black coal,122713.322
03/09/2021 00:00,QLD,Gas,7968.206
03/09/2021 00:00,QLD,Hydro,2604.577
03/09/2021 00:00,QLD,Liquid Fuel,80.529
03/09/2021 00:00,QLD,Solar,8253.498
03/09/2021 00:00,QLD,Wind,8294.003
03/09/2021 00:00,SA,Battery,318.67
03/09/2021 00:00,SA,Gas,18406.976
03/09/2021 00:00,SA,Liquid Fuel,0
03/09/2021 00:00,SA,Solar,994.565
03/09/2021 00:00,SA,Wind,13682.759
03/09/2021 00:00,TAS,Gas,0
03/09/2021 00:00,TAS,Hydro,37651.268
03/09/2021 00:00,TAS,Wind,3372.805
03/09/2021 00:00,VIC,Battery,65.982
03/09/2021 00:00,VIC,Brown coal,74089.054
03/09/2021 00:00,VIC,Gas,3873.457
03/09/2021 00:00,VIC,Hydro,8150.892
03/09/2021 00:00,VIC,Solar,2299.222
03/09/2021 00:00,VIC,Wind,18390.744
04/09/2021 00:00,NSW,Black coal,128025.849
04/09/2021 00:00,NSW,Gas,4372.638
04/09/2021 00:00,NSW,Hydro,4156.332
04/09/2021 00:00,NSW,Liquid Fuel,0
04/09/2021 00:00,NSW,Solar,5111.547
04/09/2021 00:00,NSW,Wind,19939.842
04/09/2021 00:00,QLD,Battery,0.127
04/09/2021 00:00,QLD,Biomass,1014.292
04/09/2021 00:00,QLD,Black coal,118524.257
04/09/2021 00:00,QLD,Gas,8252.958
04/09/2021 00:00,QLD,Hydro,2744.234
04/09/2021 00:00,QLD,Liquid Fuel,0
04/09/2021 00:00,QLD,Solar,9105.581
04/09/2021 00:00,QLD,Wind,6915.91
04/09/2021 00:00,SA,Battery,271.313
04/09/2021 00:00,SA,Gas,12850.386
04/09/2021 00:00,SA,Liquid Fuel,0
04/09/2021 00:00,SA,Solar,1815.432
04/09/2021 00:00,SA,Wind,16777.694
04/09/2021 00:00,TAS,Gas,0
04/09/2021 00:00,TAS,Hydro,34326.707
04/09/2021 00:00,TAS,Wind,1887.483
04/09/2021 00:00,VIC,Battery,36.109
04/09/2021 00:00,VIC,Brown coal,71780.49
04/09/2021 00:00,VIC,Gas,708.54
04/09/2021 00:00,VIC,Hydro,8524.921
04/09/2021 00:00,VIC,Solar,3678.288
04/09/2021 00:00,VIC,Wind,22564.618
05/09/2021 00:00,NSW,Black coal,116084.304
05/09/2021 00:00,NSW,Gas,709.038
05/09/2021 00:00,NSW,Hydro,3244.845
05/09/2021 00:00,NSW,Liquid Fuel,0
05/09/2021 00:00,NSW,Solar,8597.495
05/09/2021 00:00,NSW,Wind,29427.992
05/09/2021 00:00,QLD,Battery,0.048
05/09/2021 00:00,QLD,Biomass,956.492
05/09/2021 00:00,QLD,Black coal,116192.366
05/09/2021 00:00,QLD,Gas,8240.248
05/09/2021 00:00,QLD,Hydro,2311.664
05/09/2021 00:00,QLD,Liquid Fuel,0
05/09/2021 00:00,QLD,Solar,8969.015
05/09/2021 00:00,QLD,Wind,7718.222
05/09/2021 00:00,SA,Battery,300.956
05/09/2021 00:00,SA,Gas,10113.493
05/09/2021 00:00,SA,Liquid Fuel,0
05/09/2021 00:00,SA,Solar,1423.19
05/09/2021 00:00,SA,Wind,13863.985
05/09/2021 00:00,TAS,Gas,0
05/09/2021 00:00,TAS,Hydro,32159.185
05/09/2021 00:00,TAS,Wind,4082.765
05/09/2021 00:00,VIC,Battery,44.741
05/09/2021 00:00,VIC,Brown coal,73425.029
05/09/2021 00:00,VIC,Gas,186.683
05/09/2021 00:00,VIC,Hydro,9142.487
05/09/2021 00:00,VIC,Solar,4261.401
05/09/2021 00:00,VIC,Wind,32508.694
06/09/2021 00:00,NSW,Black coal,132288.629
06/09/2021 00:00,NSW,Gas,3633.121
06/09/2021 00:00,NSW,Hydro,3839.397
06/09/2021 00:00,NSW,Liquid Fuel,0
06/09/2021 00:00,NSW,Solar,13597.908
06/09/2021 00:00,NSW,Wind,18892.604
06/09/2021 00:00,QLD,Battery,0
06/09/2021 00:00,QLD,Biomass,1132.617
06/09/2021 00:00,QLD,Black coal,115785.821
06/09/2021 00:00,QLD,Gas,13161.207
06/09/2021 00:00,QLD,Hydro,2597.145
06/09/2021 00:00,QLD,Liquid Fuel,0
06/09/2021 00:00,QLD,Solar,8763.828
06/09/2021 00:00,QLD,Wind,10307.572
06/09/2021 00:00,SA,Battery,221.531
06/09/2021 00:00,SA,Gas,17469.233
06/09/2021 00:00,SA,Liquid Fuel,0
06/09/2021 00:00,SA,Solar,2550.779
06/09/2021 00:00,SA,Wind,5369.389
06/09/2021 00:00,TAS,Gas,0
06/09/2021 00:00,TAS,Hydro,32301.164
06/09/2021 00:00,TAS,Wind,6967.748
06/09/2021 00:00,VIC,Battery,64.003
06/09/2021 00:00,VIC,Brown coal,77461.614
06/09/2021 00:00,VIC,Gas,1137.791
06/09/2021 00:00,VIC,Hydro,8708.512
06/09/2021 00:00,VIC,Solar,6386.783
06/09/2021 00:00,VIC,Wind,22614.117
07/09/2021 00:00,NSW,Black coal,133401.687
07/09/2021 00:00,NSW,Gas,3694.139
07/09/2021 00:00,NSW,Hydro,3429.127
07/09/2021 00:00,NSW,Liquid Fuel,0
07/09/2021 00:00,NSW,Solar,13623.966
07/09/2021 00:00,NSW,Wind,22542.225
07/09/2021 00:00,QLD,Battery,0
07/09/2021 00:00,QLD,Biomass,1098.017
07/09/2021 00:00,QLD,Black coal,117498.238
07/09/2021 00:00,QLD,Gas,10223.187
07/09/2021 00:00,QLD,Hydro,2278.464
07/09/2021 00:00,QLD,Liquid Fuel,0
07/09/2021 00:00,QLD,Solar,9975.906
07/09/2021 00:00,QLD,Wind,6607.316
07/09/2021 00:00,SA,Battery,360.822
07/09/2021 00:00,SA,Gas,19850.319
07/09/2021 00:00,SA,Liquid Fuel,16.898
07/09/2021 00:00,SA,Solar,2260.893
07/09/2021 00:00,SA,Wind,4317.663
07/09/2021 00:00,TAS,Gas,0
07/09/2021 00:00,TAS,Hydro,33741.861
07/09/2021 00:00,TAS,Wind,7240.712
07/09/2021 00:00,VIC,Battery,63.074
07/09/2021 00:00,VIC,Brown coal,79762.088
07/09/2021 00:00,VIC,Gas,2362.573
07/09/2021 00:00,VIC,Hydro,8369.244
07/09/2021 00:00,VIC,Solar,4325.617
07/09/2021 00:00,VIC,Wind,23197.521
08/09/2021 00:00,NSW,Black coal,127882.562
08/09/2021 00:00,NSW,Gas,3368.45
08/09/2021 00:00,NSW,Hydro,6735.997
08/09/2021 00:00,NSW,Liquid Fuel,0
08/09/2021 00:00,NSW,Solar,13803.749
08/09/2021 00:00,NSW,Wind,8837.208
08/09/2021 00:00,QLD,Battery,45
08/09/2021 00:00,QLD,Biomass,1091.35
08/09/2021 00:00,QLD,Black coal,118998.274
08/09/2021 00:00,QLD,Gas,9702.592
08/09/2021 00:00,QLD,Hydro,2543.907
08/09/2021 00:00,QLD,Liquid Fuel,0
08/09/2021 00:00,QLD,Solar,11561.998
08/09/2021 00:00,QLD,Wind,6909.029
08/09/2021 00:00,SA,Battery,208.863
08/09/2021 00:00,SA,Gas,11809.554
08/09/2021 00:00,SA,Liquid Fuel,0
08/09/2021 00:00,SA,Solar,2162.682
08/09/2021 00:00,SA,Wind,11993.967
08/09/2021 00:00,TAS,Gas,0
08/09/2021 00:00,TAS,Hydro,27037.067
08/09/2021 00:00,TAS,Wind,9615.408
08/09/2021 00:00,VIC,Battery,69.528
08/09/2021 00:00,VIC,Brown coal,85947.041
08/09/2021 00:00,VIC,Gas,47.455
08/09/2021 00:00,VIC,Hydro,4791.889
08/09/2021 00:00,VIC,Solar,5642.846
08/09/2021 00:00,VIC,Wind,23099.119
09/09/2021 00:00,NSW,Black coal,121343.351
09/09/2021 00:00,NSW,Gas,289.929
09/09/2021 00:00,NSW,Hydro,7100.254
09/09/2021 00:00,NSW,Liquid Fuel,0
09/09/2021 00:00,NSW,Solar,12574.215
09/09/2021 00:00,NSW,Wind,19415.51
09/09/2021 00:00,QLD,Battery,22.5
09/09/2021 00:00,QLD,Biomass,1066.358
09/09/2021 00:00,QLD,Black coal,114466.129
09/09/2021 00:00,QLD,Gas,11104.218
09/09/2021 00:00,QLD,Hydro,1605.673
09/09/2021 00:00,QLD,Liquid Fuel,251.416
09/09/2021 00:00,QLD,Solar,8669.569
09/09/2021 00:00,QLD,Wind,4619.412
09/09/2021 00:00,SA,Battery,212.297
09/09/2021 00:00,SA,Gas,9101.462
09/09/2021 00:00,SA,Liquid Fuel,0
09/09/2021 00:00,SA,Solar,540.201
09/09/2021 00:00,SA,Wind,20891.981
09/09/2021 00:00,TAS,Gas,0
09/09/2021 00:00,TAS,Hydro,19486.063
09/09/2021 00:00,TAS,Wind,10697
09/09/2021 00:00,VIC,Battery,57.998
09/09/2021 00:00,VIC,Brown coal,79324.572
09/09/2021 00:00,VIC,Gas,0
09/09/2021 00:00,VIC,Hydro,1251.961
09/09/2021 00:00,VIC,Solar,4541.058
09/09/2021 00:00,VIC,Wind,40226.52
10/09/2021 00:00,NSW,Black coal,120024.091
10/09/2021 00:00,NSW,Gas,231.705
10/09/2021 00:00,NSW,Hydro,5239.644
10/09/2021 00:00,NSW,Liquid Fuel,0
10/09/2021 00:00,NSW,Solar,14328.549
10/09/2021 00:00,NSW,Wind,18798.237
10/09/2021 00:00,QLD,Battery,67.5
10/09/2021 00:00,QLD,Biomass,1233.542
10/09/2021 00:00,QLD,Black coal,114877.306
10/09/2021 00:00,QLD,Gas,10449.484
10/09/2021 00:00,QLD,Hydro,1762.21
10/09/2021 00:00,QLD,Liquid Fuel,63.416
10/09/2021 00:00,QLD,Solar,8860.697
10/09/2021 00:00,QLD,Wind,3351.077
10/09/2021 00:00,SA,Battery,234.151
10/09/2021 00:00,SA,Gas,8572.637
10/09/2021 00:00,SA,Liquid Fuel,2.417
10/09/2021 00:00,SA,Solar,481.381
10/09/2021 00:00,SA,Wind,18551.316
10/09/2021 00:00,TAS,Gas,0
10/09/2021 00:00,TAS,Hydro,34643.997
10/09/2021 00:00,TAS,Wind,6607.785
10/09/2021 00:00,VIC,Battery,22.11
10/09/2021 00:00,VIC,Brown coal,89142.834
10/09/2021 00:00,VIC,Gas,0
10/09/2021 00:00,VIC,Hydro,4408.422
10/09/2021 00:00,VIC,Solar,4942.207
10/09/2021 00:00,VIC,Wind,17498.843
11/09/2021 00:00,NSW,Black coal,104015.187
11/09/2021 00:00,NSW,Gas,2.248
11/09/2021 00:00,NSW,Hydro,5180.795
11/09/2021 00:00,NSW,Liquid Fuel,0
11/09/2021 00:00,NSW,Solar,12861.292
11/09/2021 00:00,NSW,Wind,23805.985
11/09/2021 00:00,QLD,Battery,0
11/09/2021 00:00,QLD,Biomass,1314.742
11/09/2021 00:00,QLD,Black coal,111428.396
11/09/2021 00:00,QLD,Gas,7665.937
11/09/2021 00:00,QLD,Hydro,2386.944
11/09/2021 00:00,QLD,Liquid Fuel,0
11/09/2021 00:00,QLD,Solar,7247.426
11/09/2021 00:00,QLD,Wind,3805.446
11/09/2021 00:00,SA,Battery,188.738
11/09/2021 00:00,SA,Gas,6158.584
11/09/2021 00:00,SA,Liquid Fuel,1.5
11/09/2021 00:00,SA,Solar,1135.11
11/09/2021 00:00,SA,Wind,24519.192
11/09/2021 00:00,TAS,Gas,0
11/09/2021 00:00,TAS,Hydro,18079.217
11/09/2021 00:00,TAS,Wind,8607.425
11/09/2021 00:00,VIC,Battery,23.08
11/09/2021 00:00,VIC,Brown coal,72894.396
11/09/2021 00:00,VIC,Gas,0
11/09/2021 00:00,VIC,Hydro,1077.485
11/09/2021 00:00,VIC,Solar,4887.878
11/09/2021 00:00,VIC,Wind,41126.448
12/09/2021 00:00,NSW,Black coal,109463.708
12/09/2021 00:00,NSW,Gas,2.202
12/09/2021 00:00,NSW,Hydro,3022.268
12/09/2021 00:00,NSW,Liquid Fuel,0
12/09/2021 00:00,NSW,Solar,9790.31
12/09/2021 00:00,NSW,Wind,27269.978
12/09/2021 00:00,QLD,Battery,0
12/09/2021 00:00,QLD,Biomass,1428.475
12/09/2021 00:00,QLD,Black coal,109816.097
12/09/2021 00:00,QLD,Gas,7240.47
12/09/2021 00:00,QLD,Hydro,2611.639
12/09/2021 00:00,QLD,Liquid Fuel,208.416
12/09/2021 00:00,QLD,Solar,5346.19
12/09/2021 00:00,QLD,Wind,4511.681
12/09/2021 00:00,SA,Battery,237.919
12/09/2021 00:00,SA,Gas,9002.011
12/09/2021 00:00,SA,Liquid Fuel,0
12/09/2021 00:00,SA,Solar,1120.451
12/09/2021 00:00,SA,Wind,27471.171
12/09/2021 00:00,TAS,Gas,0
12/09/2021 00:00,TAS,Hydro,26765.981
12/09/2021 00:00,TAS,Wind,5811.617
12/09/2021 00:00,VIC,Battery,51.685
12/09/2021 00:00,VIC,Brown coal,76672.509
12/09/2021 00:00,VIC,Gas,0
12/09/2021 00:00,VIC,Hydro,7276.635
12/09/2021 00:00,VIC,Solar,3270.303
12/09/2021 00:00,VIC,Wind,22146.175
13/09/2021 00:00,NSW,Black coal,132237.332
13/09/2021 00:00,NSW,Gas,4003.193
13/09/2021 00:00,NSW,Hydro,5116.806
13/09/2021 00:00,NSW,Liquid Fuel,0
13/09/2021 00:00,NSW,Solar,10461.491
13/09/2021 00:00,NSW,Wind,11394.769
13/09/2021 00:00,QLD,Battery,0
13/09/2021 00:00,QLD,Biomass,1499.2
13/09/2021 00:00,QLD,Black coal,119820.843
13/09/2021 00:00,QLD,Gas,9773.932
13/09/2021 00:00,QLD,Hydro,1970.054
13/09/2021 00:00,QLD,Liquid Fuel,0
13/09/2021 00:00,QLD,Solar,8892.656
13/09/2021 00:00,QLD,Wind,5785.746
13/09/2021 00:00,SA,Battery,228.225
13/09/2021 00:00,SA,Gas,15958.777
13/09/2021 00:00,SA,Liquid Fuel,0
13/09/2021 00:00,SA,Solar,2594.912
13/09/2021 00:00,SA,Wind,14948.95
13/09/2021 00:00,TAS,Gas,0.205
13/09/2021 00:00,TAS,Hydro,38428.941
13/09/2021 00:00,TAS,Wind,2156.782
13/09/2021 00:00,VIC,Battery,87.492
13/09/2021 00:00,VIC,Brown coal,90914.103
13/09/2021 00:00,VIC,Gas,3027.3
13/09/2021 00:00,VIC,Hydro,7031.939
13/09/2021 00:00,VIC,Solar,6120.175
13/09/2021 00:00,VIC,Wind,21773.204
14/09/2021 00:00,NSW,Black coal,140680.627
14/09/2021 00:00,NSW,Gas,8505.185
14/09/2021 00:00,NSW,Hydro,5002.907
14/09/2021 00:00,NSW,Liquid Fuel,0
14/09/2021 00:00,NSW,Solar,13921.951
14/09/2021 00:00,NSW,Wind,8750.681
14/09/2021 00:00,QLD,Battery,0
14/09/2021 00:00,QLD,Biomass,1605.067
14/09/2021 00:00,QLD,Black coal,116644.516
14/09/2021 00:00,QLD,Gas,8897.178
14/09/2021 00:00,QLD,Hydro,1992.442
14/09/2021 00:00,QLD,Liquid Fuel,0
14/09/2021 00:00,QLD,Solar,8918.936
14/09/2021 00:00,QLD,Wind,7194.666
14/09/2021 00:00,SA,Battery,214.804
14/09/2021 00:00,SA,Gas,17787.45
14/09/2021 00:00,SA,Liquid Fuel,0
14/09/2021 00:00,SA,Solar,2262.341
14/09/2021 00:00,SA,Wind,7714.046
14/09/2021 00:00,TAS,Gas,0
14/09/2021 00:00,TAS,Hydro,42145.127
14/09/2021 00:00,TAS,Wind,655.956
14/09/2021 00:00,VIC,Battery,66.367
14/09/2021 00:00,VIC,Brown coal,94318.015
14/09/2021 00:00,VIC,Gas,7555.772
14/09/2021 00:00,VIC,Hydro,9758.69
14/09/2021 00:00,VIC,Solar,7093.216
14/09/2021 00:00,VIC,Wind,5349.044
15/09/2021 00:00,NSW,Black coal,137164.255
15/09/2021 00:00,NSW,Gas,7390.109
15/09/2021 00:00,NSW,Hydro,3819.157
15/09/2021 00:00,NSW,Liquid Fuel,0
15/09/2021 00:00,NSW,Solar,13244.568
15/09/2021 00:00,NSW,Wind,4722.541
15/09/2021 00:00,QLD,Battery,2.95
15/09/2021 00:00,QLD,Biomass,1899.192
15/09/2021 00:00,QLD,Black coal,122521.553
15/09/2021 00:00,QLD,Gas,10029.844
15/09/2021 00:00,QLD,Hydro,2085.533
15/09/2021 00:00,QLD,Liquid Fuel,0
15/09/2021 00:00,QLD,Solar,9193.847
15/09/2021 00:00,QLD,Wind,4768.498
15/09/2021 00:00,SA,Battery,229.423
15/09/2021 00:00,SA,Gas,15008.688
15/09/2021 00:00,SA,Liquid Fuel,79.835
15/09/2021 00:00,SA,Solar,2334.421
15/09/2021 00:00,SA,Wind,10123.316
15/09/2021 00:00,TAS,Gas,0
15/09/2021 00:00,TAS,Hydro,40858.166
15/09/2021 00:00,TAS,Wind,401.242
15/09/2021 00:00,VIC,Battery,64.24
15/09/2021 00:00,VIC,Brown coal,90134.188
15/09/2021 00:00,VIC,Gas,6173.978
15/09/2021 00:00,VIC,Hydro,9369.853
15/09/2021 00:00,VIC,Solar,6338.633
15/09/2021 00:00,VIC,Wind,8471.222
16/09/2021 00:00,NSW,Black coal,126826.44
16/09/2021 00:00,NSW,Gas,6575.152
16/09/2021 00:00,NSW,Hydro,8869.014
16/09/2021 00:00,NSW,Liquid Fuel,0
16/09/2021 00:00,NSW,Solar,13072.57
16/09/2021 00:00,NSW,Wind,4493.693
16/09/2021 00:00,QLD,Battery,0
16/09/2021 00:00,QLD,Biomass,1844.958
16/09/2021 00:00,QLD,Black coal,122774.61
16/09/2021 00:00,QLD,Gas,10670.113
16/09/2021 00:00,QLD,Hydro,2070.724
16/09/2021 00:00,QLD,Liquid Fuel,0
16/09/2021 00:00,QLD,Solar,7943.167
16/09/2021 00:00,QLD,Wind,3286.592
16/09/2021 00:00,SA,Battery,256.943
16/09/2021 00:00,SA,Gas,9831.827
16/09/2021 00:00,SA,Liquid Fuel,0
16/09/2021 00:00,SA,Solar,1768.576
16/09/2021 00:00,SA,Wind,21188.152
16/09/2021 00:00,TAS,Gas,0
16/09/2021 00:00,TAS,Hydro,41204.445
16/09/2021 00:00,TAS,Wind,226.14
16/09/2021 00:00,VIC,Battery,59.879
16/09/2021 00:00,VIC,Brown coal,91668.916
16/09/2021 00:00,VIC,Gas,4466.185
16/09/2021 00:00,VIC,Hydro,6019.758
16/09/2021 00:00,VIC,Solar,6658.546
16/09/2021 00:00,VIC,Wind,11340.322